-- MySQL dump 10.11
--
-- Host: localhost    Database: collegebarter
-- ------------------------------------------------------
-- Server version	5.0.96-community-nt

/*!40101 SET @OLD_CHARACTER_SET_CLIENT=@@CHARACTER_SET_CLIENT */;
/*!40101 SET @OLD_CHARACTER_SET_RESULTS=@@CHARACTER_SET_RESULTS */;
/*!40101 SET @OLD_COLLATION_CONNECTION=@@COLLATION_CONNECTION */;
/*!40101 SET NAMES utf8 */;
/*!40103 SET @OLD_TIME_ZONE=@@TIME_ZONE */;
/*!40103 SET TIME_ZONE='+00:00' */;
/*!40014 SET @OLD_UNIQUE_CHECKS=@@UNIQUE_CHECKS, UNIQUE_CHECKS=0 */;
/*!40014 SET @OLD_FOREIGN_KEY_CHECKS=@@FOREIGN_KEY_CHECKS, FOREIGN_KEY_CHECKS=0 */;
/*!40101 SET @OLD_SQL_MODE=@@SQL_MODE, SQL_MODE='NO_AUTO_VALUE_ON_ZERO' */;
/*!40111 SET @OLD_SQL_NOTES=@@SQL_NOTES, SQL_NOTES=0 */;

--
-- Table structure for table `auth_group`
--

DROP TABLE IF EXISTS `auth_group`;
/*!40101 SET @saved_cs_client     = @@character_set_client */;
/*!40101 SET character_set_client = utf8 */;
CREATE TABLE `auth_group` (
  `id` int(11) NOT NULL auto_increment,
  `name` varchar(80) NOT NULL,
  PRIMARY KEY  (`id`),
  UNIQUE KEY `name` (`name`)
) ENGINE=InnoDB DEFAULT CHARSET=latin1;
/*!40101 SET character_set_client = @saved_cs_client */;

--
-- Dumping data for table `auth_group`
--

LOCK TABLES `auth_group` WRITE;
/*!40000 ALTER TABLE `auth_group` DISABLE KEYS */;
/*!40000 ALTER TABLE `auth_group` ENABLE KEYS */;
UNLOCK TABLES;

--
-- Table structure for table `auth_group_permissions`
--

DROP TABLE IF EXISTS `auth_group_permissions`;
/*!40101 SET @saved_cs_client     = @@character_set_client */;
/*!40101 SET character_set_client = utf8 */;
CREATE TABLE `auth_group_permissions` (
  `id` int(11) NOT NULL auto_increment,
  `group_id` int(11) NOT NULL,
  `permission_id` int(11) NOT NULL,
  PRIMARY KEY  (`id`),
  UNIQUE KEY `group_id` (`group_id`,`permission_id`),
  KEY `auth_group_permissions_0e939a4f` (`group_id`),
  KEY `auth_group_permissions_8373b171` (`permission_id`),
  CONSTRAINT `auth_group_permissions_group_id_58c48ba9_fk_auth_group_id` FOREIGN KEY (`group_id`) REFERENCES `auth_group` (`id`),
  CONSTRAINT `auth_group_permissi_permission_id_23962d04_fk_auth_permission_id` FOREIGN KEY (`permission_id`) REFERENCES `auth_permission` (`id`)
) ENGINE=InnoDB DEFAULT CHARSET=latin1;
/*!40101 SET character_set_client = @saved_cs_client */;

--
-- Dumping data for table `auth_group_permissions`
--

LOCK TABLES `auth_group_permissions` WRITE;
/*!40000 ALTER TABLE `auth_group_permissions` DISABLE KEYS */;
/*!40000 ALTER TABLE `auth_group_permissions` ENABLE KEYS */;
UNLOCK TABLES;

--
-- Table structure for table `auth_permission`
--

DROP TABLE IF EXISTS `auth_permission`;
/*!40101 SET @saved_cs_client     = @@character_set_client */;
/*!40101 SET character_set_client = utf8 */;
CREATE TABLE `auth_permission` (
  `id` int(11) NOT NULL auto_increment,
  `name` varchar(50) NOT NULL,
  `content_type_id` int(11) NOT NULL,
  `codename` varchar(100) NOT NULL,
  PRIMARY KEY  (`id`),
  UNIQUE KEY `content_type_id` (`content_type_id`,`codename`),
  KEY `auth_permission_417f1b1c` (`content_type_id`),
  CONSTRAINT `auth_permissi_content_type_id_51277a81_fk_django_content_type_id` FOREIGN KEY (`content_type_id`) REFERENCES `django_content_type` (`id`)
) ENGINE=InnoDB AUTO_INCREMENT=34 DEFAULT CHARSET=latin1;
/*!40101 SET character_set_client = @saved_cs_client */;

--
-- Dumping data for table `auth_permission`
--

LOCK TABLES `auth_permission` WRITE;
/*!40000 ALTER TABLE `auth_permission` DISABLE KEYS */;
INSERT INTO `auth_permission` VALUES (1,'Can add log entry',1,'add_logentry'),(2,'Can change log entry',1,'change_logentry'),(3,'Can delete log entry',1,'delete_logentry'),(4,'Can add permission',2,'add_permission'),(5,'Can change permission',2,'change_permission'),(6,'Can delete permission',2,'delete_permission'),(7,'Can add group',3,'add_group'),(8,'Can change group',3,'change_group'),(9,'Can delete group',3,'delete_group'),(10,'Can add user',4,'add_user'),(11,'Can change user',4,'change_user'),(12,'Can delete user',4,'delete_user'),(13,'Can add content type',5,'add_contenttype'),(14,'Can change content type',5,'change_contenttype'),(15,'Can delete content type',5,'delete_contenttype'),(16,'Can add session',6,'add_session'),(17,'Can change session',6,'change_session'),(18,'Can delete session',6,'delete_session'),(19,'Can add user',7,'add_user'),(20,'Can change user',7,'change_user'),(21,'Can delete user',7,'delete_user'),(22,'Can add barter',8,'add_barter'),(23,'Can change barter',8,'change_barter'),(24,'Can delete barter',8,'delete_barter'),(25,'Can add user collection',9,'add_usercollection'),(26,'Can change user collection',9,'change_usercollection'),(27,'Can delete user collection',9,'delete_usercollection'),(28,'Can add barter image',10,'add_barterimage'),(29,'Can change barter image',10,'change_barterimage'),(30,'Can delete barter image',10,'delete_barterimage'),(31,'Can add user collected',11,'add_usercollected'),(32,'Can change user collected',11,'change_usercollected'),(33,'Can delete user collected',11,'delete_usercollected');
/*!40000 ALTER TABLE `auth_permission` ENABLE KEYS */;
UNLOCK TABLES;

--
-- Table structure for table `auth_user`
--

DROP TABLE IF EXISTS `auth_user`;
/*!40101 SET @saved_cs_client     = @@character_set_client */;
/*!40101 SET character_set_client = utf8 */;
CREATE TABLE `auth_user` (
  `id` int(11) NOT NULL auto_increment,
  `password` varchar(128) NOT NULL,
  `last_login` datetime NOT NULL,
  `is_superuser` tinyint(1) NOT NULL,
  `username` varchar(30) NOT NULL,
  `first_name` varchar(30) NOT NULL,
  `last_name` varchar(30) NOT NULL,
  `email` varchar(75) NOT NULL,
  `is_staff` tinyint(1) NOT NULL,
  `is_active` tinyint(1) NOT NULL,
  `date_joined` datetime NOT NULL,
  PRIMARY KEY  (`id`),
  UNIQUE KEY `username` (`username`)
) ENGINE=InnoDB DEFAULT CHARSET=latin1;
/*!40101 SET character_set_client = @saved_cs_client */;

--
-- Dumping data for table `auth_user`
--

LOCK TABLES `auth_user` WRITE;
/*!40000 ALTER TABLE `auth_user` DISABLE KEYS */;
/*!40000 ALTER TABLE `auth_user` ENABLE KEYS */;
UNLOCK TABLES;

--
-- Table structure for table `auth_user_groups`
--

DROP TABLE IF EXISTS `auth_user_groups`;
/*!40101 SET @saved_cs_client     = @@character_set_client */;
/*!40101 SET character_set_client = utf8 */;
CREATE TABLE `auth_user_groups` (
  `id` int(11) NOT NULL auto_increment,
  `user_id` int(11) NOT NULL,
  `group_id` int(11) NOT NULL,
  PRIMARY KEY  (`id`),
  UNIQUE KEY `user_id` (`user_id`,`group_id`),
  KEY `auth_user_groups_e8701ad4` (`user_id`),
  KEY `auth_user_groups_0e939a4f` (`group_id`),
  CONSTRAINT `auth_user_groups_group_id_30a071c9_fk_auth_group_id` FOREIGN KEY (`group_id`) REFERENCES `auth_group` (`id`),
  CONSTRAINT `auth_user_groups_user_id_24702650_fk_auth_user_id` FOREIGN KEY (`user_id`) REFERENCES `auth_user` (`id`)
) ENGINE=InnoDB DEFAULT CHARSET=latin1;
/*!40101 SET character_set_client = @saved_cs_client */;

--
-- Dumping data for table `auth_user_groups`
--

LOCK TABLES `auth_user_groups` WRITE;
/*!40000 ALTER TABLE `auth_user_groups` DISABLE KEYS */;
/*!40000 ALTER TABLE `auth_user_groups` ENABLE KEYS */;
UNLOCK TABLES;

--
-- Table structure for table `auth_user_user_permissions`
--

DROP TABLE IF EXISTS `auth_user_user_permissions`;
/*!40101 SET @saved_cs_client     = @@character_set_client */;
/*!40101 SET character_set_client = utf8 */;
CREATE TABLE `auth_user_user_permissions` (
  `id` int(11) NOT NULL auto_increment,
  `user_id` int(11) NOT NULL,
  `permission_id` int(11) NOT NULL,
  PRIMARY KEY  (`id`),
  UNIQUE KEY `user_id` (`user_id`,`permission_id`),
  KEY `auth_user_user_permissions_e8701ad4` (`user_id`),
  KEY `auth_user_user_permissions_8373b171` (`permission_id`),
  CONSTRAINT `auth_user_user_permissions_user_id_7cd7acb6_fk_auth_user_id` FOREIGN KEY (`user_id`) REFERENCES `auth_user` (`id`),
  CONSTRAINT `auth_user_user_perm_permission_id_3d7071f0_fk_auth_permission_id` FOREIGN KEY (`permission_id`) REFERENCES `auth_permission` (`id`)
) ENGINE=InnoDB DEFAULT CHARSET=latin1;
/*!40101 SET character_set_client = @saved_cs_client */;

--
-- Dumping data for table `auth_user_user_permissions`
--

LOCK TABLES `auth_user_user_permissions` WRITE;
/*!40000 ALTER TABLE `auth_user_user_permissions` DISABLE KEYS */;
/*!40000 ALTER TABLE `auth_user_user_permissions` ENABLE KEYS */;
UNLOCK TABLES;

--
-- Table structure for table `collegebarter_appsession`
--

DROP TABLE IF EXISTS `collegebarter_appsession`;
/*!40101 SET @saved_cs_client     = @@character_set_client */;
/*!40101 SET character_set_client = utf8 */;
CREATE TABLE `collegebarter_appsession` (
  `sessionid` varchar(45) NOT NULL,
  `userName` varchar(45) NOT NULL
) ENGINE=InnoDB DEFAULT CHARSET=latin1;
/*!40101 SET character_set_client = @saved_cs_client */;

--
-- Dumping data for table `collegebarter_appsession`
--

LOCK TABLES `collegebarter_appsession` WRITE;
/*!40000 ALTER TABLE `collegebarter_appsession` DISABLE KEYS */;
INSERT INTO `collegebarter_appsession` VALUES ('e3c939ba43cabe3a6acb5d79323c5616','user1'),('e2e73771676573160fa61279395ff194','user1'),('e2e73771676573160fa61279395ff194','user1'),('e2e73771676573160fa61279395ff194','user1'),('e2e73771676573160fa61279395ff194','user1'),('e2e73771676573160fa61279395ff194','user1'),('e2e73771676573160fa61279395ff194','user1'),('e2e73771676573160fa61279395ff194','user1'),('e2e73771676573160fa61279395ff194','user1'),('e2e73771676573160fa61279395ff194','user1'),('e2e73771676573160fa61279395ff194','user1');
/*!40000 ALTER TABLE `collegebarter_appsession` ENABLE KEYS */;
UNLOCK TABLES;

--
-- Table structure for table `collegebarter_barter`
--

DROP TABLE IF EXISTS `collegebarter_barter`;
/*!40101 SET @saved_cs_client     = @@character_set_client */;
/*!40101 SET character_set_client = utf8 */;
CREATE TABLE `collegebarter_barter` (
  `time` varchar(140) default '',
  `sha1` varchar(140) NOT NULL,
  `userName` varchar(140) character set utf8 default '',
  `description` text character set utf8,
  `title` varchar(140) character set utf8 default '',
  `category` varchar(140) character set utf8 default '',
  `saleState` int(11) default NULL,
  PRIMARY KEY  (`sha1`)
) ENGINE=InnoDB DEFAULT CHARSET=latin1;
/*!40101 SET character_set_client = @saved_cs_client */;

--
-- Dumping data for table `collegebarter_barter`
--

LOCK TABLES `collegebarter_barter` WRITE;
/*!40000 ALTER TABLE `collegebarter_barter` DISABLE KEYS */;
INSERT INTO `collegebarter_barter` VALUES ('2017-05-09 22:15','12de39140654bac5af5f09b33123f3cfa5713e04','user1','九成新的网球拍，走过路过不要错过\n九成新的网球拍，走过路过不要错过\n九成新的网球拍，走过路过不要错过\n九成新的网球拍，走过路过不要错过\n九成新的网球拍，走过路过不要错过\n九成新的网球拍，走过路过不要错过','九成新的网球拍，九成新的网球拍，九成新的网球拍，九成新的网球拍，九成新的网球拍','5',0),('2014-09-28 17:52','23e8188a77235c019f2fe2efe0570a4a7bbe0af8','user4','food','food','食品',NULL),('2014-09-28 17:40','38fc6315c01a56afb844b17626d894091600b3d9','user1','test2','test2','图书',NULL),('2014-09-28 17:34','544b0fa3647f792843c93ad6c998901bd1ea1b30','user3','fuzhug','服小猪按摩过','服装',NULL),('2014-09-28 17:21','6da38453589f517301042213ef1c527745d3cf95','user3','test','test','图书',NULL),('2017-05-11 21:54','76ffb58fb9726d5f02ed7c7cd746f54f612d73d8','user1','算法导论','算法导论','1',0),('2017-04-23 22:16','784a261fcfd856b04d5c46e8f4d80a14df3ae88b','user1','九成新网球拍','网球拍','5',1),('2017-05-11 22:01','8782d1afcbc2afc92d84fe74c03d3a5500a847b9','user1','算法导论','算法导论','1',0),('2017-04-23 20:47','886ffb3496556311255514805a45e734f83be9e7','user1','九成新算法导论。','算法导论','1',NULL),('2017-04-23 22:12','9a3f63dec7c09626884f7e656b9a38709721d81b','user1','九成新算法导论','算法导论','1',0),('2017-05-11 21:58','9b84f81d7ba5fa5fc156c9c6afb9c9feba5d2f1c','user1','算法导论','算法导论','1',0),('2017-04-23 20:46','d9055e21ab93d49fc65074ed952855f647cf669b','user1','九成新算法导论。','算法导论','1',NULL);
/*!40000 ALTER TABLE `collegebarter_barter` ENABLE KEYS */;
UNLOCK TABLES;

--
-- Table structure for table `collegebarter_barterimage`
--

DROP TABLE IF EXISTS `collegebarter_barterimage`;
/*!40101 SET @saved_cs_client     = @@character_set_client */;
/*!40101 SET character_set_client = utf8 */;
CREATE TABLE `collegebarter_barterimage` (
  `id` int(11) NOT NULL auto_increment,
  `barterSha1` varchar(140) NOT NULL,
  `imageName` varchar(140) NOT NULL,
  PRIMARY KEY  (`id`)
) ENGINE=InnoDB AUTO_INCREMENT=79 DEFAULT CHARSET=latin1;
/*!40101 SET character_set_client = @saved_cs_client */;

--
-- Dumping data for table `collegebarter_barterimage`
--

LOCK TABLES `collegebarter_barterimage` WRITE;
/*!40000 ALTER TABLE `collegebarter_barterimage` DISABLE KEYS */;
INSERT INTO `collegebarter_barterimage` VALUES (42,'6da38453589f517301042213ef1c527745d3cf95','d3b2a43b77e8ed0ace2f88f549519be138a237af.jpg'),(45,'6da38453589f517301042213ef1c527745d3cf95','f212fc1a6e882755defdf0853469f3ec0ec3396e.jpg'),(46,'544b0fa3647f792843c93ad6c998901bd1ea1b30','d4ab091fa97df08cf29bf5c88373791026ea307e.jpg'),(47,'544b0fa3647f792843c93ad6c998901bd1ea1b30','13285eac18f174e7b72a2bb57d6ae205b1a38f03.jpg'),(48,'544b0fa3647f792843c93ad6c998901bd1ea1b30','37ef88e17e9c5d8fc70b0bab7f3b752257829e3e.png'),(49,'544b0fa3647f792843c93ad6c998901bd1ea1b30','eee9a39284d74ca5e9104bb69f00176f812823b4.jpg'),(50,'38fc6315c01a56afb844b17626d894091600b3d9','6221d12a943c10617895770ea96db0a468165361.jpg'),(51,'38fc6315c01a56afb844b17626d894091600b3d9','ad349374a1a936e0090eaab6fc1bb3e404607bfb.jpg'),(52,'38fc6315c01a56afb844b17626d894091600b3d9','49891fbd5b34495edece378183a9f3d2345945ea.png'),(53,'38fc6315c01a56afb844b17626d894091600b3d9','d396aa33749efd3ce8d45f8e65d1dce88ced8973.jpg'),(54,'23e8188a77235c019f2fe2efe0570a4a7bbe0af8','655d8628198d615a2e3fbb9e9742f7c61c891c25.jpg'),(55,'23e8188a77235c019f2fe2efe0570a4a7bbe0af8','ec5ec2e979b1220ae628a9c9d27109306a0b8858.jpg'),(56,'23e8188a77235c019f2fe2efe0570a4a7bbe0af8','e20b72e185871910fb3522171b08fb0e1b145dd5.jpg'),(57,'23e8188a77235c019f2fe2efe0570a4a7bbe0af8','da76e32b71e3e917c5587faf326e2a2f6cafc86f.jpg'),(58,'d9055e21ab93d49fc65074ed952855f647cf669b','b1aba8cdfe6efc063073a440ee3dc1ef1c5bd8eb.jpg'),(59,'d9055e21ab93d49fc65074ed952855f647cf669b','8607e899040d1c40564956bd9d703f794088f4c7.jpg'),(60,'d9055e21ab93d49fc65074ed952855f647cf669b','2b9fbc8f4b0cf0f0a46ea261f6a4299af8175a34.jpg'),(61,'9a3f63dec7c09626884f7e656b9a38709721d81b','238bbbfc720f219d750d0ebdf18cc3fb09fcb4f1.jpg'),(62,'784a261fcfd856b04d5c46e8f4d80a14df3ae88b','6db5c80c6dfdad51706ad59960d5a3e78bc2596a.jpg'),(63,'784a261fcfd856b04d5c46e8f4d80a14df3ae88b','a47682d4cd71d4a3bffb93ef26cf33d4f5322c99.jpg'),(64,'784a261fcfd856b04d5c46e8f4d80a14df3ae88b','347852eaa3297bebbeb1f499b780509cd412bc7a.jpg'),(65,'784a261fcfd856b04d5c46e8f4d80a14df3ae88b','cd3522a4976e0ad9bbb9ad695002cf4766db3a55.jpg'),(66,'12de39140654bac5af5f09b33123f3cfa5713e04','ae494d81c9e610212c921e514039444bfeec9789.jpg'),(67,'12de39140654bac5af5f09b33123f3cfa5713e04','02073acf54382872c2b7d77d463652a1ffb63331.jpg'),(68,'12de39140654bac5af5f09b33123f3cfa5713e04','36483ca63cd353c432f97ccbe52de93889805f90.jpg'),(69,'12de39140654bac5af5f09b33123f3cfa5713e04','3bee633896c490478fa8963682487836e3ebfce8.jpg'),(70,'76ffb58fb9726d5f02ed7c7cd746f54f612d73d8','ad5a4d4379f31b74974c12f6b10c13e210a11857.jpg'),(71,'76ffb58fb9726d5f02ed7c7cd746f54f612d73d8','b132299752579f8274dc353ea6eb0d5bcfc230fd.jpg'),(72,'76ffb58fb9726d5f02ed7c7cd746f54f612d73d8','162fbb5521602c389117f855e8311a8244480928.jpg'),(73,'9b84f81d7ba5fa5fc156c9c6afb9c9feba5d2f1c','946f5ec39d78e467a735e2533612e3794ccddfbc.jpg'),(74,'9b84f81d7ba5fa5fc156c9c6afb9c9feba5d2f1c','6bf6b0047fe13feaa6d6582551a10a24e44aff9e.jpg'),(75,'9b84f81d7ba5fa5fc156c9c6afb9c9feba5d2f1c','960083527288bb3cff77aed309edb4933de48c4a.jpg'),(76,'8782d1afcbc2afc92d84fe74c03d3a5500a847b9','7076a3709a6a0a8a49a4096bfe845f51cf1780a8.jpg'),(77,'8782d1afcbc2afc92d84fe74c03d3a5500a847b9','5de92511287afe16666e7f0bccf564f594979274.jpg'),(78,'8782d1afcbc2afc92d84fe74c03d3a5500a847b9','1b333575853a96bc43e2b9c8b576c6f9263f91cb.jpg');
/*!40000 ALTER TABLE `collegebarter_barterimage` ENABLE KEYS */;
UNLOCK TABLES;

--
-- Table structure for table `collegebarter_user`
--

DROP TABLE IF EXISTS `collegebarter_user`;
/*!40101 SET @saved_cs_client     = @@character_set_client */;
/*!40101 SET character_set_client = utf8 */;
CREATE TABLE `collegebarter_user` (
  `real_name` varchar(140) default NULL,
  `school` varchar(140) default '',
  `username` varchar(140) default NULL,
  `password` varchar(140) character set latin1 NOT NULL,
  `phone` varchar(140) character set latin1 NOT NULL,
  `avatar` varchar(140) character set latin1 NOT NULL,
  `qq_number` varchar(140) character set latin1 NOT NULL,
  `is_register` int(11) NOT NULL,
  `student_no` varchar(140) NOT NULL
) ENGINE=InnoDB DEFAULT CHARSET=utf8;
/*!40101 SET character_set_client = @saved_cs_client */;

--
-- Dumping data for table `collegebarter_user`
--

LOCK TABLES `collegebarter_user` WRITE;
/*!40000 ALTER TABLE `collegebarter_user` DISABLE KEYS */;
INSERT INTO `collegebarter_user` VALUES ('王五','矿大','user3','0b7f849446d3383546d15a480966084442cd2193','003','head1.jpg','003',1,'003'),('李四','矿大','','','','head1.jpg','',0,'004'),('张三','矿大','user1','b3daa77b4c04a9551b8781d03191fe098f325e67','001','head1.jpg','001',1,'001'),('李四','矿大','user4','06e6eef6adf2e5f54ea6c43c376d6d36605f810e','004','head1.jpg','004',1,'004'),('朱志勇','中国矿业大学（北京）','xiaozhu','123456','13269872092','head1.jpg','1019928975',1,'TSP150404106');
/*!40000 ALTER TABLE `collegebarter_user` ENABLE KEYS */;
UNLOCK TABLES;

--
-- Table structure for table `collegebarter_usercollection`
--

DROP TABLE IF EXISTS `collegebarter_usercollection`;
/*!40101 SET @saved_cs_client     = @@character_set_client */;
/*!40101 SET character_set_client = utf8 */;
CREATE TABLE `collegebarter_usercollection` (
  `id` int(11) NOT NULL auto_increment,
  `username` varchar(140) character set utf8 default '',
  `bartersha1` varchar(140) NOT NULL,
  PRIMARY KEY  (`id`),
  UNIQUE KEY `collegebarter_usercollection_username_5454eacc_uniq` (`username`,`bartersha1`)
) ENGINE=InnoDB AUTO_INCREMENT=14 DEFAULT CHARSET=latin1;
/*!40101 SET character_set_client = @saved_cs_client */;

--
-- Dumping data for table `collegebarter_usercollection`
--

LOCK TABLES `collegebarter_usercollection` WRITE;
/*!40000 ALTER TABLE `collegebarter_usercollection` DISABLE KEYS */;
INSERT INTO `collegebarter_usercollection` VALUES (11,'user1','12de39140654bac5af5f09b33123f3cfa5713e04'),(9,'user1','784a261fcfd856b04d5c46e8f4d80a14df3ae88b'),(12,'user1','9a3f63dec7c09626884f7e656b9a38709721d81b'),(13,'user1','d9055e21ab93d49fc65074ed952855f647cf669b'),(6,'user3','544b0fa3647f792843c93ad6c998901bd1ea1b30'),(8,'user4','23e8188a77235c019f2fe2efe0570a4a7bbe0af8');
/*!40000 ALTER TABLE `collegebarter_usercollection` ENABLE KEYS */;
UNLOCK TABLES;

--
-- Table structure for table `django_admin_log`
--

DROP TABLE IF EXISTS `django_admin_log`;
/*!40101 SET @saved_cs_client     = @@character_set_client */;
/*!40101 SET character_set_client = utf8 */;
CREATE TABLE `django_admin_log` (
  `id` int(11) NOT NULL auto_increment,
  `action_time` datetime NOT NULL,
  `object_id` longtext,
  `object_repr` varchar(200) NOT NULL,
  `action_flag` smallint(5) unsigned NOT NULL,
  `change_message` longtext NOT NULL,
  `content_type_id` int(11) default NULL,
  `user_id` int(11) NOT NULL,
  PRIMARY KEY  (`id`),
  KEY `django_admin_log_417f1b1c` (`content_type_id`),
  KEY `django_admin_log_e8701ad4` (`user_id`),
  CONSTRAINT `django_admin_log_user_id_1c5f563_fk_auth_user_id` FOREIGN KEY (`user_id`) REFERENCES `auth_user` (`id`),
  CONSTRAINT `django_admin__content_type_id_5151027a_fk_django_content_type_id` FOREIGN KEY (`content_type_id`) REFERENCES `django_content_type` (`id`)
) ENGINE=InnoDB DEFAULT CHARSET=latin1;
/*!40101 SET character_set_client = @saved_cs_client */;

--
-- Dumping data for table `django_admin_log`
--

LOCK TABLES `django_admin_log` WRITE;
/*!40000 ALTER TABLE `django_admin_log` DISABLE KEYS */;
/*!40000 ALTER TABLE `django_admin_log` ENABLE KEYS */;
UNLOCK TABLES;

--
-- Table structure for table `django_content_type`
--

DROP TABLE IF EXISTS `django_content_type`;
/*!40101 SET @saved_cs_client     = @@character_set_client */;
/*!40101 SET character_set_client = utf8 */;
CREATE TABLE `django_content_type` (
  `id` int(11) NOT NULL auto_increment,
  `name` varchar(100) NOT NULL,
  `app_label` varchar(100) NOT NULL,
  `model` varchar(100) NOT NULL,
  PRIMARY KEY  (`id`),
  UNIQUE KEY `django_content_type_app_label_3ec8c61c_uniq` (`app_label`,`model`)
) ENGINE=InnoDB AUTO_INCREMENT=12 DEFAULT CHARSET=latin1;
/*!40101 SET character_set_client = @saved_cs_client */;

--
-- Dumping data for table `django_content_type`
--

LOCK TABLES `django_content_type` WRITE;
/*!40000 ALTER TABLE `django_content_type` DISABLE KEYS */;
INSERT INTO `django_content_type` VALUES (1,'log entry','admin','logentry'),(2,'permission','auth','permission'),(3,'group','auth','group'),(4,'user','auth','user'),(5,'content type','contenttypes','contenttype'),(6,'session','sessions','session'),(7,'user','collegebarter','user'),(8,'barter','collegebarter','barter'),(9,'user collection','collegebarter','usercollection'),(10,'barter image','collegebarter','barterimage'),(11,'user collected','collegebarter','usercollected');
/*!40000 ALTER TABLE `django_content_type` ENABLE KEYS */;
UNLOCK TABLES;

--
-- Table structure for table `django_migrations`
--

DROP TABLE IF EXISTS `django_migrations`;
/*!40101 SET @saved_cs_client     = @@character_set_client */;
/*!40101 SET character_set_client = utf8 */;
CREATE TABLE `django_migrations` (
  `id` int(11) NOT NULL auto_increment,
  `app` varchar(255) NOT NULL,
  `name` varchar(255) NOT NULL,
  `applied` datetime NOT NULL,
  PRIMARY KEY  (`id`)
) ENGINE=InnoDB AUTO_INCREMENT=11 DEFAULT CHARSET=latin1;
/*!40101 SET character_set_client = @saved_cs_client */;

--
-- Dumping data for table `django_migrations`
--

LOCK TABLES `django_migrations` WRITE;
/*!40000 ALTER TABLE `django_migrations` DISABLE KEYS */;
INSERT INTO `django_migrations` VALUES (1,'contenttypes','0001_initial','2014-09-25 15:44:23'),(2,'auth','0001_initial','2014-09-25 15:44:26'),(3,'admin','0001_initial','2014-09-25 15:44:27'),(4,'sessions','0001_initial','2014-09-25 15:44:27'),(5,'collegebarter','0001_initial','2014-09-25 16:05:10'),(6,'collegebarter','0002_usercollection','2014-09-25 16:46:24'),(7,'collegebarter','0003_auto_20140926_0118','2014-09-25 17:18:24'),(8,'collegebarter','0004_auto_20140926_2047','2014-09-26 12:48:01'),(9,'collegebarter','0005_auto_20140927_1541','2014-09-27 07:41:18'),(10,'collegebarter','0006_barterimage','2014-09-27 15:05:47');
/*!40000 ALTER TABLE `django_migrations` ENABLE KEYS */;
UNLOCK TABLES;

--
-- Table structure for table `django_session`
--

DROP TABLE IF EXISTS `django_session`;
/*!40101 SET @saved_cs_client     = @@character_set_client */;
/*!40101 SET character_set_client = utf8 */;
CREATE TABLE `django_session` (
  `session_key` varchar(40) NOT NULL,
  `session_data` longtext NOT NULL,
  `expire_date` datetime NOT NULL,
  PRIMARY KEY  (`session_key`),
  KEY `django_session_de54fa62` (`expire_date`)
) ENGINE=InnoDB DEFAULT CHARSET=latin1;
/*!40101 SET character_set_client = @saved_cs_client */;

--
-- Dumping data for table `django_session`
--

LOCK TABLES `django_session` WRITE;
/*!40000 ALTER TABLE `django_session` DISABLE KEYS */;
INSERT INTO `django_session` VALUES ('0378jlomfydxzkm1yhecij1rusxylevr','ZWU4NGNlYWRmMThmN2VmZTM4NjBiMGZkYjZlMjdkNWE2YTdhZTcxZjp7fQ==','2014-09-28 05:13:13'),('04hkfdsodiqspmtel1sxhzmegtgim3c2','ZWU4NGNlYWRmMThmN2VmZTM4NjBiMGZkYjZlMjdkNWE2YTdhZTcxZjp7fQ==','2014-09-29 03:08:50'),('08sri56ft6wk0h392j316xcj5ls7hw65','ZWU4NGNlYWRmMThmN2VmZTM4NjBiMGZkYjZlMjdkNWE2YTdhZTcxZjp7fQ==','2014-09-30 01:38:31'),('0bxa967rxci8vp611zgv510oawoe7mdi','ZWU4NGNlYWRmMThmN2VmZTM4NjBiMGZkYjZlMjdkNWE2YTdhZTcxZjp7fQ==','2014-09-29 03:20:03'),('0cjovj7gcw2d5g0peuy4t3ithhtdg5hq','ZWU4NGNlYWRmMThmN2VmZTM4NjBiMGZkYjZlMjdkNWE2YTdhZTcxZjp7fQ==','2014-09-29 17:33:29'),('0ej37cvf5k8arp3oavv92srfjm2qni7e','ZWU4NGNlYWRmMThmN2VmZTM4NjBiMGZkYjZlMjdkNWE2YTdhZTcxZjp7fQ==','2014-09-29 01:52:39'),('0ewo0bk01095uvkk5x5r409s9jnqazaz','ZWU4NGNlYWRmMThmN2VmZTM4NjBiMGZkYjZlMjdkNWE2YTdhZTcxZjp7fQ==','2014-10-01 01:25:10'),('0g7knkc0mhthopcrxtdpwv2f1j0psz6h','ZWU4NGNlYWRmMThmN2VmZTM4NjBiMGZkYjZlMjdkNWE2YTdhZTcxZjp7fQ==','2014-09-30 03:14:21'),('0hj7y69olnyvp27fwdo9sahqw7tggtsd','OWE5NTZhOGVkY2E5ZjNmYmYxZjRjYzU1ZTJmZWRkNmVjZTkxZmM3ZDp7InVzZXJuYW1lIjoidXNlcjMifQ==','2014-09-29 03:28:37'),('0o9otjtojfbx5go33awhltki2pn2732p','ZWU4NGNlYWRmMThmN2VmZTM4NjBiMGZkYjZlMjdkNWE2YTdhZTcxZjp7fQ==','2014-09-29 01:46:24'),('0po13seiuvabb1tt0aglxu8c4rqr3zuf','ZWU4NGNlYWRmMThmN2VmZTM4NjBiMGZkYjZlMjdkNWE2YTdhZTcxZjp7fQ==','2014-09-29 03:15:35'),('0q2oi2fpt8s1j6xlcpzxbanvxtk4xoek','ZWU4NGNlYWRmMThmN2VmZTM4NjBiMGZkYjZlMjdkNWE2YTdhZTcxZjp7fQ==','2014-09-30 01:38:31'),('0qz3v1iqle275qha184669z47q1n6nqy','ZWU4NGNlYWRmMThmN2VmZTM4NjBiMGZkYjZlMjdkNWE2YTdhZTcxZjp7fQ==','2014-09-30 01:22:02'),('0r3k4k3jkvosjctv9obhm9if007ah4xo','OWE5NTZhOGVkY2E5ZjNmYmYxZjRjYzU1ZTJmZWRkNmVjZTkxZmM3ZDp7InVzZXJuYW1lIjoidXNlcjMifQ==','2014-09-29 03:24:54'),('0udcs8of8egis70wabi83u7yhknn14d6','ZWU4NGNlYWRmMThmN2VmZTM4NjBiMGZkYjZlMjdkNWE2YTdhZTcxZjp7fQ==','2014-09-28 05:10:15'),('0yaoz9ethyqwwzgtzz6kxjbk6hwd2em8','OWE5NTZhOGVkY2E5ZjNmYmYxZjRjYzU1ZTJmZWRkNmVjZTkxZmM3ZDp7InVzZXJuYW1lIjoidXNlcjMifQ==','2014-10-01 01:23:50'),('10hy5qzxzfm44i8x8q4fr3k08rzt4fi0','ZWU4NGNlYWRmMThmN2VmZTM4NjBiMGZkYjZlMjdkNWE2YTdhZTcxZjp7fQ==','2014-09-30 02:30:26'),('121rlv95k4y4gn02rs9pkwh56v8ygctd','ZWU4NGNlYWRmMThmN2VmZTM4NjBiMGZkYjZlMjdkNWE2YTdhZTcxZjp7fQ==','2014-10-01 00:51:15'),('13p7xaih3j5z8j3mkasqs9h416a7ikyk','OWE5NTZhOGVkY2E5ZjNmYmYxZjRjYzU1ZTJmZWRkNmVjZTkxZmM3ZDp7InVzZXJuYW1lIjoidXNlcjMifQ==','2014-09-30 01:52:05'),('15mxlj7vb6b61o1wikxmgl44ts83y29t','ZWU4NGNlYWRmMThmN2VmZTM4NjBiMGZkYjZlMjdkNWE2YTdhZTcxZjp7fQ==','2014-09-30 01:34:48'),('179siicuc6r3l64w5q3ehgqn07ob5o02','ZWU4NGNlYWRmMThmN2VmZTM4NjBiMGZkYjZlMjdkNWE2YTdhZTcxZjp7fQ==','2014-09-28 05:13:22'),('17m99dt4yy7uw837hjjglvf4ogvabu4h','ZWU4NGNlYWRmMThmN2VmZTM4NjBiMGZkYjZlMjdkNWE2YTdhZTcxZjp7fQ==','2014-09-30 01:36:43'),('18vyl5qqpylnh0p03pu7zo3d2x4uy3jn','ZWU4NGNlYWRmMThmN2VmZTM4NjBiMGZkYjZlMjdkNWE2YTdhZTcxZjp7fQ==','2014-09-30 01:16:23'),('1bny6cotw1u7mobz6e4wbedbmxlfaicv','ZWU4NGNlYWRmMThmN2VmZTM4NjBiMGZkYjZlMjdkNWE2YTdhZTcxZjp7fQ==','2014-09-29 03:16:44'),('1bz6qhvwcqyn85jk1sp6bv3qrg9vg6vg','ZWU4NGNlYWRmMThmN2VmZTM4NjBiMGZkYjZlMjdkNWE2YTdhZTcxZjp7fQ==','2014-09-29 01:47:38'),('1cx25i09z2dy7zl7zif1l5ochz99jc4c','ZWU4NGNlYWRmMThmN2VmZTM4NjBiMGZkYjZlMjdkNWE2YTdhZTcxZjp7fQ==','2014-09-29 01:05:44'),('1czqhtk39njhgz2yvdet2imjsxfood1g','ZWU4NGNlYWRmMThmN2VmZTM4NjBiMGZkYjZlMjdkNWE2YTdhZTcxZjp7fQ==','2014-09-30 01:18:04'),('1d6y0q5q45x1xxbtb2db03zgbeug7t3n','ZWU4NGNlYWRmMThmN2VmZTM4NjBiMGZkYjZlMjdkNWE2YTdhZTcxZjp7fQ==','2014-09-29 18:46:09'),('1d9xuolfbxufupgqnwcnl4hry2bwcint','ZWU4NGNlYWRmMThmN2VmZTM4NjBiMGZkYjZlMjdkNWE2YTdhZTcxZjp7fQ==','2014-09-28 05:13:22'),('1e76d9u9mlp5escleoclprug39cwysxr','OWE5NTZhOGVkY2E5ZjNmYmYxZjRjYzU1ZTJmZWRkNmVjZTkxZmM3ZDp7InVzZXJuYW1lIjoidXNlcjMifQ==','2014-10-01 00:52:30'),('1fxy9i1f0hp794jrzsil7fz596ivb6jb','ZWU4NGNlYWRmMThmN2VmZTM4NjBiMGZkYjZlMjdkNWE2YTdhZTcxZjp7fQ==','2014-09-29 01:53:13'),('1g0avsls05zqevmmb5agbkw9oi0udmdu','ZWU4NGNlYWRmMThmN2VmZTM4NjBiMGZkYjZlMjdkNWE2YTdhZTcxZjp7fQ==','2014-09-29 03:22:32'),('1guyxgxtwqgw7u5elf4r2f579z6gserz','ZWU4NGNlYWRmMThmN2VmZTM4NjBiMGZkYjZlMjdkNWE2YTdhZTcxZjp7fQ==','2014-09-28 05:09:32'),('1hv6hib5vuzg1nv4p0rss3piye683nek','ZWU4NGNlYWRmMThmN2VmZTM4NjBiMGZkYjZlMjdkNWE2YTdhZTcxZjp7fQ==','2014-09-29 03:19:16'),('1j6u396835bd2a0l0mmwbqom4v13n9jl','ZWU4NGNlYWRmMThmN2VmZTM4NjBiMGZkYjZlMjdkNWE2YTdhZTcxZjp7fQ==','2014-09-29 01:55:25'),('1k27e9l3fdivw11bndqxabtccmhas5s0','ZWU4NGNlYWRmMThmN2VmZTM4NjBiMGZkYjZlMjdkNWE2YTdhZTcxZjp7fQ==','2014-09-29 01:53:28'),('1k4glwo6ksfzar8xo3j5fwifhoawe3pi','ZWU4NGNlYWRmMThmN2VmZTM4NjBiMGZkYjZlMjdkNWE2YTdhZTcxZjp7fQ==','2014-09-29 01:20:02'),('1kuhrz3yef18p4ymxn3ah1tpmdw337wb','ZWU4NGNlYWRmMThmN2VmZTM4NjBiMGZkYjZlMjdkNWE2YTdhZTcxZjp7fQ==','2014-09-28 04:18:03'),('1mgvi4019b0plm168fevxx059kq9hh68','ZWU4NGNlYWRmMThmN2VmZTM4NjBiMGZkYjZlMjdkNWE2YTdhZTcxZjp7fQ==','2014-09-29 03:19:16'),('1n0bdfpoyq8jb9odykwmzm2cbkv71zgw','ZWU4NGNlYWRmMThmN2VmZTM4NjBiMGZkYjZlMjdkNWE2YTdhZTcxZjp7fQ==','2014-09-30 01:55:44'),('1n1fxu472oznird8ute48evh917iek98','ZWU4NGNlYWRmMThmN2VmZTM4NjBiMGZkYjZlMjdkNWE2YTdhZTcxZjp7fQ==','2014-09-29 02:17:52'),('1nr0rmbn97ycykk1dpck5f4ptx9k60zc','ZWU4NGNlYWRmMThmN2VmZTM4NjBiMGZkYjZlMjdkNWE2YTdhZTcxZjp7fQ==','2014-09-28 04:11:22'),('1pgkf2liy5hm4ly8jtzn96x6vzricvy7','ZWU4NGNlYWRmMThmN2VmZTM4NjBiMGZkYjZlMjdkNWE2YTdhZTcxZjp7fQ==','2014-09-29 01:52:39'),('1ppmfxorcpa8qiuzx8vkgtgk7km2fw86','ZWU4NGNlYWRmMThmN2VmZTM4NjBiMGZkYjZlMjdkNWE2YTdhZTcxZjp7fQ==','2014-09-29 02:11:20'),('1rb75pl2niyrxy6wiqcj7kyult2v90gn','ZWU4NGNlYWRmMThmN2VmZTM4NjBiMGZkYjZlMjdkNWE2YTdhZTcxZjp7fQ==','2014-09-30 01:37:25'),('1s9sk9i5q5tcil2jeq1yu0jm2xkxgul9','ZWU4NGNlYWRmMThmN2VmZTM4NjBiMGZkYjZlMjdkNWE2YTdhZTcxZjp7fQ==','2014-09-29 01:02:00'),('1sdapmz573re1gb3k2y382ewn8l7uchx','ZWU4NGNlYWRmMThmN2VmZTM4NjBiMGZkYjZlMjdkNWE2YTdhZTcxZjp7fQ==','2014-09-29 01:53:14'),('1sn108b4725vjduobhu9q87qgg3btzal','OWE5NTZhOGVkY2E5ZjNmYmYxZjRjYzU1ZTJmZWRkNmVjZTkxZmM3ZDp7InVzZXJuYW1lIjoidXNlcjMifQ==','2014-09-29 03:22:07'),('1ssnzcmeehj0o13dx6dyilc5cu0a7jnu','MmE4YmRmY2ZjNWFlNjQzZmJiNGM3MzAzZmNmOWU3YjA3NzhkNGU3NDp7InVzZXJuYW1lIjoidXNlcjMifQ==','2014-10-01 05:34:23'),('1sus9rvq48km8r1qje6rfpk94w5dywth','ZWU4NGNlYWRmMThmN2VmZTM4NjBiMGZkYjZlMjdkNWE2YTdhZTcxZjp7fQ==','2014-09-28 04:20:11'),('1vv4agfr4fncsj9i5peo1bmg2w09knyd','ZWU4NGNlYWRmMThmN2VmZTM4NjBiMGZkYjZlMjdkNWE2YTdhZTcxZjp7fQ==','2014-10-01 01:16:25'),('1xesvscf069u8hheebyc7kdjdd9n00sm','ZWU4NGNlYWRmMThmN2VmZTM4NjBiMGZkYjZlMjdkNWE2YTdhZTcxZjp7fQ==','2014-09-30 01:47:06'),('1yaz3k7pgwtol3b59uwspbv27wqgma27','ZWU4NGNlYWRmMThmN2VmZTM4NjBiMGZkYjZlMjdkNWE2YTdhZTcxZjp7fQ==','2014-09-30 01:47:06'),('1zovjd2q5ywuvbt85xk6vrxbrutd5rll','ZWU4NGNlYWRmMThmN2VmZTM4NjBiMGZkYjZlMjdkNWE2YTdhZTcxZjp7fQ==','2014-09-30 01:38:55'),('21k2y1w18vb6u0n3l3ainpsaarhfe6xm','ZWU4NGNlYWRmMThmN2VmZTM4NjBiMGZkYjZlMjdkNWE2YTdhZTcxZjp7fQ==','2014-09-29 02:19:24'),('2914za6c0y178dd861xi08pluxf3ee1q','ZjFjZDc1OGI5NTZkMzRmNjY4NTY4ODBkN2E0MGJjYzVjOGZhNDZlMTp7InVzZXJuYW1lIjoidXNlcjEifQ==','2014-09-30 01:47:15'),('2afpoksvv0lr8gco0a06xrygtbi1dmuo','ZWU4NGNlYWRmMThmN2VmZTM4NjBiMGZkYjZlMjdkNWE2YTdhZTcxZjp7fQ==','2014-09-29 17:12:53'),('2b3c53n87z3p3m1qcvofrwv7udoo3e89','ZWU4NGNlYWRmMThmN2VmZTM4NjBiMGZkYjZlMjdkNWE2YTdhZTcxZjp7fQ==','2014-09-29 03:22:31'),('2bdtdrft6xs56mefkptv68y8e7b2rxxp','ZWU4NGNlYWRmMThmN2VmZTM4NjBiMGZkYjZlMjdkNWE2YTdhZTcxZjp7fQ==','2014-09-29 02:44:16'),('2bitd03xeqfb2cvdb23kthmwesfs1dip','ZWU4NGNlYWRmMThmN2VmZTM4NjBiMGZkYjZlMjdkNWE2YTdhZTcxZjp7fQ==','2014-09-29 02:44:17'),('2gneuvi282zdj6wikvwceo48mgw7oqq8','OWE5NTZhOGVkY2E5ZjNmYmYxZjRjYzU1ZTJmZWRkNmVjZTkxZmM3ZDp7InVzZXJuYW1lIjoidXNlcjMifQ==','2014-09-29 05:06:27'),('2hl1jaezm7nrxuagwez2tiw0t2y6a4vv','ZWU4NGNlYWRmMThmN2VmZTM4NjBiMGZkYjZlMjdkNWE2YTdhZTcxZjp7fQ==','2014-09-30 01:14:53'),('2i06x5adq5m3p1cps9n6pi9a0qnly05f','ZWU4NGNlYWRmMThmN2VmZTM4NjBiMGZkYjZlMjdkNWE2YTdhZTcxZjp7fQ==','2014-09-30 01:16:23'),('2jka4rp0qmk3i4rcyvq070i5zzr37d8a','ZWU4NGNlYWRmMThmN2VmZTM4NjBiMGZkYjZlMjdkNWE2YTdhZTcxZjp7fQ==','2014-09-29 02:44:12'),('2jkt2bys6dfryjdltb9m2ma7txqcj7c6','ZWU4NGNlYWRmMThmN2VmZTM4NjBiMGZkYjZlMjdkNWE2YTdhZTcxZjp7fQ==','2014-09-30 01:34:48'),('2jxag9qkmgdsvyye29l4nfpcqrp8e2vs','ZWU4NGNlYWRmMThmN2VmZTM4NjBiMGZkYjZlMjdkNWE2YTdhZTcxZjp7fQ==','2014-09-29 01:20:02'),('2lfps52akzrqv41xxfskzos8z0iqwned','ZWU4NGNlYWRmMThmN2VmZTM4NjBiMGZkYjZlMjdkNWE2YTdhZTcxZjp7fQ==','2014-09-30 01:20:08'),('2t8genpt3gqwmzpkn8yqaulwyw320caq','OWE5NTZhOGVkY2E5ZjNmYmYxZjRjYzU1ZTJmZWRkNmVjZTkxZmM3ZDp7InVzZXJuYW1lIjoidXNlcjMifQ==','2014-09-29 04:10:59'),('2w0jsbcvtm013aejtoeqtvh5hvxekrq5','ZWU4NGNlYWRmMThmN2VmZTM4NjBiMGZkYjZlMjdkNWE2YTdhZTcxZjp7fQ==','2014-09-30 01:31:33'),('2wihcsw6why75b0gebgg61yo7y7624ix','ZWU4NGNlYWRmMThmN2VmZTM4NjBiMGZkYjZlMjdkNWE2YTdhZTcxZjp7fQ==','2014-09-29 03:19:20'),('2yhnr63xxz81a0x961efxlnmhyrfftgh','ZWU4NGNlYWRmMThmN2VmZTM4NjBiMGZkYjZlMjdkNWE2YTdhZTcxZjp7fQ==','2014-10-01 01:16:25'),('2zxbjowgawnfuexm4ulkwch9k3qyzu9e','ZWU4NGNlYWRmMThmN2VmZTM4NjBiMGZkYjZlMjdkNWE2YTdhZTcxZjp7fQ==','2014-09-29 03:19:17'),('3163ysndy6aahb361gbvvufzx85m0595','ZWU4NGNlYWRmMThmN2VmZTM4NjBiMGZkYjZlMjdkNWE2YTdhZTcxZjp7fQ==','2014-09-30 01:23:53'),('35bi3yo85tk3pyel02wxctqgthrb40cm','ZWU4NGNlYWRmMThmN2VmZTM4NjBiMGZkYjZlMjdkNWE2YTdhZTcxZjp7fQ==','2014-09-30 03:13:52'),('37dj05ipnnasgubs7s8569cmzeyc7w4p','ZWU4NGNlYWRmMThmN2VmZTM4NjBiMGZkYjZlMjdkNWE2YTdhZTcxZjp7fQ==','2014-09-29 18:46:56'),('37hp7b46bzfx9uvfzvejocfsu0gujyzv','ZWU4NGNlYWRmMThmN2VmZTM4NjBiMGZkYjZlMjdkNWE2YTdhZTcxZjp7fQ==','2014-10-01 01:05:46'),('37s2ypu1u0xf3jd3yj5ik7ywvq8if4lg','ZWU4NGNlYWRmMThmN2VmZTM4NjBiMGZkYjZlMjdkNWE2YTdhZTcxZjp7fQ==','2014-10-01 01:17:21'),('38s3um2hxmdfbhi7266zn1o2hrrhrpq6','ZWU4NGNlYWRmMThmN2VmZTM4NjBiMGZkYjZlMjdkNWE2YTdhZTcxZjp7fQ==','2014-09-30 01:16:03'),('3a7nwfpg1sfnyelz3016sxxw9or3lhpv','OWE5NTZhOGVkY2E5ZjNmYmYxZjRjYzU1ZTJmZWRkNmVjZTkxZmM3ZDp7InVzZXJuYW1lIjoidXNlcjMifQ==','2014-09-30 01:53:38'),('3ao3kl38xvf1h4gxropsj4516m9yngua','ZWU4NGNlYWRmMThmN2VmZTM4NjBiMGZkYjZlMjdkNWE2YTdhZTcxZjp7fQ==','2014-09-30 03:13:47'),('3bd393p0nnfjcqdkdnobxppqk30owds7','ZWU4NGNlYWRmMThmN2VmZTM4NjBiMGZkYjZlMjdkNWE2YTdhZTcxZjp7fQ==','2014-09-29 18:49:23'),('3bew2c36dsjx6ibj71ouzktwhnf6e4qn','OWE5NTZhOGVkY2E5ZjNmYmYxZjRjYzU1ZTJmZWRkNmVjZTkxZmM3ZDp7InVzZXJuYW1lIjoidXNlcjMifQ==','2014-09-30 01:50:41'),('3cu5hecaxmfte5t68kjolr50t6kg99zs','OWE5NTZhOGVkY2E5ZjNmYmYxZjRjYzU1ZTJmZWRkNmVjZTkxZmM3ZDp7InVzZXJuYW1lIjoidXNlcjMifQ==','2014-09-29 03:22:08'),('3en288i7iirq040qo0u1t06nxb8keylf','ZWU4NGNlYWRmMThmN2VmZTM4NjBiMGZkYjZlMjdkNWE2YTdhZTcxZjp7fQ==','2014-09-30 01:33:28'),('3ey4k4b7qks55ti9nezgwh2hxx1nspo5','ZWU4NGNlYWRmMThmN2VmZTM4NjBiMGZkYjZlMjdkNWE2YTdhZTcxZjp7fQ==','2014-09-28 05:13:13'),('3gtfgcitoflc830etyep86y9yq3sel6w','ZWU4NGNlYWRmMThmN2VmZTM4NjBiMGZkYjZlMjdkNWE2YTdhZTcxZjp7fQ==','2014-09-29 03:16:44'),('3hbbikr9jodvfoup2nxyk6zg2g2r9pti','ZWU4NGNlYWRmMThmN2VmZTM4NjBiMGZkYjZlMjdkNWE2YTdhZTcxZjp7fQ==','2014-09-29 03:19:21'),('3iseuls74x5uttcc8hnqr4w8177z7c19','ZWU4NGNlYWRmMThmN2VmZTM4NjBiMGZkYjZlMjdkNWE2YTdhZTcxZjp7fQ==','2014-09-29 18:41:55'),('3jmyo2gofywecwbdm4nzojiziyrznhvl','MmE4YmRmY2ZjNWFlNjQzZmJiNGM3MzAzZmNmOWU3YjA3NzhkNGU3NDp7InVzZXJuYW1lIjoidXNlcjMifQ==','2014-10-01 05:34:24'),('3k7ux3kinh1qongz4iwxnpto0b7o0cbo','ZWU4NGNlYWRmMThmN2VmZTM4NjBiMGZkYjZlMjdkNWE2YTdhZTcxZjp7fQ==','2014-09-30 02:09:37'),('3kj7vew8echic6rs6nkvmswparq5oj6n','ZWU4NGNlYWRmMThmN2VmZTM4NjBiMGZkYjZlMjdkNWE2YTdhZTcxZjp7fQ==','2014-09-29 01:46:50'),('3kv0ydoc7j184eady5j2arebxnguz6d9','ZWU4NGNlYWRmMThmN2VmZTM4NjBiMGZkYjZlMjdkNWE2YTdhZTcxZjp7fQ==','2014-09-28 05:13:34'),('3l1xv5vultyxnv85xpaxggycg8jnzwn1','ZWU4NGNlYWRmMThmN2VmZTM4NjBiMGZkYjZlMjdkNWE2YTdhZTcxZjp7fQ==','2014-09-29 03:15:38'),('3ld5zcbehl68f644x8p7jm2lfkzik021','ZWU4NGNlYWRmMThmN2VmZTM4NjBiMGZkYjZlMjdkNWE2YTdhZTcxZjp7fQ==','2014-09-29 18:46:07'),('3ngdkecot13j17bdgzt75npwmjrmktli','ZWU4NGNlYWRmMThmN2VmZTM4NjBiMGZkYjZlMjdkNWE2YTdhZTcxZjp7fQ==','2014-09-30 01:16:18'),('3o46fpaur4vhg0s1ecsyaga7b1jwq9qi','OWE5NTZhOGVkY2E5ZjNmYmYxZjRjYzU1ZTJmZWRkNmVjZTkxZmM3ZDp7InVzZXJuYW1lIjoidXNlcjMifQ==','2014-09-29 03:15:30'),('3osqcdsilaysidpp8h32yt32ntte8tip','ZWU4NGNlYWRmMThmN2VmZTM4NjBiMGZkYjZlMjdkNWE2YTdhZTcxZjp7fQ==','2014-09-29 03:20:46'),('3oz97711m11376eqtxidvbip976d4s99','ZWU4NGNlYWRmMThmN2VmZTM4NjBiMGZkYjZlMjdkNWE2YTdhZTcxZjp7fQ==','2014-09-29 17:12:53'),('3qi5mjxx7wg1gbg1zcyzpwkhvj7kzfup','ZWU4NGNlYWRmMThmN2VmZTM4NjBiMGZkYjZlMjdkNWE2YTdhZTcxZjp7fQ==','2014-09-29 02:02:57'),('3rm820jtjt81p77jd0na2fzewru2vvhk','ZWU4NGNlYWRmMThmN2VmZTM4NjBiMGZkYjZlMjdkNWE2YTdhZTcxZjp7fQ==','2014-09-29 03:19:20'),('3s24rpwy8tk4d5osdush2n4w183drymv','ZWU4NGNlYWRmMThmN2VmZTM4NjBiMGZkYjZlMjdkNWE2YTdhZTcxZjp7fQ==','2014-09-29 05:01:37'),('3tcs1nip64lmmzodevcfkndxso4fc1xc','ZWU4NGNlYWRmMThmN2VmZTM4NjBiMGZkYjZlMjdkNWE2YTdhZTcxZjp7fQ==','2014-09-30 01:37:13'),('3up2n8f8lsjcl1upc2134w1ufp4k5yhi','ZWU4NGNlYWRmMThmN2VmZTM4NjBiMGZkYjZlMjdkNWE2YTdhZTcxZjp7fQ==','2014-09-29 02:24:26'),('3vrqcbssveuqy1o7kanyxtty37bk8rf4','ZWU4NGNlYWRmMThmN2VmZTM4NjBiMGZkYjZlMjdkNWE2YTdhZTcxZjp7fQ==','2014-10-01 01:47:39'),('3vwgai8aqw5gg30ls1wqhc38uzghrtua','ZWU4NGNlYWRmMThmN2VmZTM4NjBiMGZkYjZlMjdkNWE2YTdhZTcxZjp7fQ==','2014-09-29 01:41:28'),('3xug2zzksbfvxlynk8xfvt4lwch1xj54','ZWU4NGNlYWRmMThmN2VmZTM4NjBiMGZkYjZlMjdkNWE2YTdhZTcxZjp7fQ==','2014-09-29 01:53:53'),('3y6iznjhfmvgeq8un5sruvy1119c7uc0','ZWU4NGNlYWRmMThmN2VmZTM4NjBiMGZkYjZlMjdkNWE2YTdhZTcxZjp7fQ==','2014-09-29 01:53:32'),('3yub1r5e7dmqtm9tfpm87pwa1lpssmma','ZWU4NGNlYWRmMThmN2VmZTM4NjBiMGZkYjZlMjdkNWE2YTdhZTcxZjp7fQ==','2014-09-29 01:05:52'),('4099qlp4dvpwzoyzhw7mou6ak1jhmfqm','ZWU4NGNlYWRmMThmN2VmZTM4NjBiMGZkYjZlMjdkNWE2YTdhZTcxZjp7fQ==','2014-09-30 01:34:48'),('40uz1t4ndtg599gp3gjdr83l7zexavts','ZWU4NGNlYWRmMThmN2VmZTM4NjBiMGZkYjZlMjdkNWE2YTdhZTcxZjp7fQ==','2014-09-29 18:56:14'),('42kd4y7foqqn9htgbga3ke4alayt6hfa','ZjFjZDc1OGI5NTZkMzRmNjY4NTY4ODBkN2E0MGJjYzVjOGZhNDZlMTp7InVzZXJuYW1lIjoidXNlcjEifQ==','2014-10-01 01:05:39'),('43gb5gn6zqhjk659ehal0h1uxlurlvii','ZWU4NGNlYWRmMThmN2VmZTM4NjBiMGZkYjZlMjdkNWE2YTdhZTcxZjp7fQ==','2014-09-28 05:11:39'),('4576gd91ncan4w900l5vxx8pjpcf9vud','ZWU4NGNlYWRmMThmN2VmZTM4NjBiMGZkYjZlMjdkNWE2YTdhZTcxZjp7fQ==','2014-09-29 18:46:07'),('45si99vs8hjolhxt8x69dknhoss38xzu','ZWU4NGNlYWRmMThmN2VmZTM4NjBiMGZkYjZlMjdkNWE2YTdhZTcxZjp7fQ==','2014-09-29 02:18:57'),('46ax56lj14q814savdm08tjumz95otbd','ZWU4NGNlYWRmMThmN2VmZTM4NjBiMGZkYjZlMjdkNWE2YTdhZTcxZjp7fQ==','2014-09-30 01:51:40'),('46go2bvi6gp56agsmkbdn73w88ieu18n','ZWU4NGNlYWRmMThmN2VmZTM4NjBiMGZkYjZlMjdkNWE2YTdhZTcxZjp7fQ==','2014-09-29 03:08:58'),('47iou0bw2mn7u2ak4qenhf2l234zxqqk','ZWU4NGNlYWRmMThmN2VmZTM4NjBiMGZkYjZlMjdkNWE2YTdhZTcxZjp7fQ==','2014-09-29 02:44:16'),('48d969be1065cd49500e7e8050f684de','ODYxNzg5YmJjNmFiZjU0Yzg3NTM3ZjNjN2JmZWIzYTQyNGQzZDA4ZjqAAn1xAS4=\n','2017-05-07 10:59:33'),('48y3xlm8s76eq9djj3zom63v2uay5idr','OWE5NTZhOGVkY2E5ZjNmYmYxZjRjYzU1ZTJmZWRkNmVjZTkxZmM3ZDp7InVzZXJuYW1lIjoidXNlcjMifQ==','2014-09-30 01:51:27'),('4ac5h81qugq5wn2rj0c6p97d6k47fqzw','ZWU4NGNlYWRmMThmN2VmZTM4NjBiMGZkYjZlMjdkNWE2YTdhZTcxZjp7fQ==','2014-09-29 18:46:55'),('4aowo0vdvcxhaogwg4crnmhd6s8y44px','ZWU4NGNlYWRmMThmN2VmZTM4NjBiMGZkYjZlMjdkNWE2YTdhZTcxZjp7fQ==','2014-09-30 01:20:20'),('4ck3um6n5lb489lacpn4w4fqasavl02e','OWE5NTZhOGVkY2E5ZjNmYmYxZjRjYzU1ZTJmZWRkNmVjZTkxZmM3ZDp7InVzZXJuYW1lIjoidXNlcjMifQ==','2014-09-29 05:07:33'),('4den8ijqm8lmdt9ej0g67oyumwbvycxo','ZWU4NGNlYWRmMThmN2VmZTM4NjBiMGZkYjZlMjdkNWE2YTdhZTcxZjp7fQ==','2014-09-29 01:02:57'),('4fxm6uzyg1nsjsh6nesec2bt83i1hn7j','ZWU4NGNlYWRmMThmN2VmZTM4NjBiMGZkYjZlMjdkNWE2YTdhZTcxZjp7fQ==','2014-09-28 04:13:48'),('4hwef2j33kr1talzbyk51m1qb670sxvs','ZWU4NGNlYWRmMThmN2VmZTM4NjBiMGZkYjZlMjdkNWE2YTdhZTcxZjp7fQ==','2014-09-29 03:08:50'),('4jka088bbc72tjyk6h65uivym3opapur','ZWU4NGNlYWRmMThmN2VmZTM4NjBiMGZkYjZlMjdkNWE2YTdhZTcxZjp7fQ==','2014-09-30 01:37:18'),('4k80ztvvl8dav9gf2flqw8g9m5v1kvkx','ZWU4NGNlYWRmMThmN2VmZTM4NjBiMGZkYjZlMjdkNWE2YTdhZTcxZjp7fQ==','2014-09-30 01:23:33'),('4l0fygm6cnlf60vqyq6dq2z6btrllpnr','ZWU4NGNlYWRmMThmN2VmZTM4NjBiMGZkYjZlMjdkNWE2YTdhZTcxZjp7fQ==','2014-09-30 03:14:21'),('4ng1pbhtvpnrrh4wpkclp55krcrc09wy','OWE5NTZhOGVkY2E5ZjNmYmYxZjRjYzU1ZTJmZWRkNmVjZTkxZmM3ZDp7InVzZXJuYW1lIjoidXNlcjMifQ==','2014-09-29 03:59:01'),('4p0hct57p57h3nkezhs160tq6u4w6apj','ZWU4NGNlYWRmMThmN2VmZTM4NjBiMGZkYjZlMjdkNWE2YTdhZTcxZjp7fQ==','2014-09-30 01:20:15'),('4qra5gxcl8qj8o804x3oyeu0s9j2czoj','OWE5NTZhOGVkY2E5ZjNmYmYxZjRjYzU1ZTJmZWRkNmVjZTkxZmM3ZDp7InVzZXJuYW1lIjoidXNlcjMifQ==','2014-09-29 03:15:29'),('4r2kzxt4nkewwqiiqe6l9tp2q0r6rmdt','ZWU4NGNlYWRmMThmN2VmZTM4NjBiMGZkYjZlMjdkNWE2YTdhZTcxZjp7fQ==','2014-09-29 05:00:26'),('4shh1knic516skxbbrny7pqxjxa9l481','ZjFjZDc1OGI5NTZkMzRmNjY4NTY4ODBkN2E0MGJjYzVjOGZhNDZlMTp7InVzZXJuYW1lIjoidXNlcjEifQ==','2014-09-30 01:38:29'),('4td7rs9pe5gkx2c1eyhg5489dik2kd9f','ZWU4NGNlYWRmMThmN2VmZTM4NjBiMGZkYjZlMjdkNWE2YTdhZTcxZjp7fQ==','2014-09-30 01:59:46'),('4uhd0iebg6j1obsuejxrrrhxobqkrpr1','ZWU4NGNlYWRmMThmN2VmZTM4NjBiMGZkYjZlMjdkNWE2YTdhZTcxZjp7fQ==','2014-09-29 03:19:21'),('4vqqshiyjgdklzblvl6dvq2oj6o5nqxm','ZWU4NGNlYWRmMThmN2VmZTM4NjBiMGZkYjZlMjdkNWE2YTdhZTcxZjp7fQ==','2014-09-30 02:11:41'),('4wvmmaxwrmgpu5vz7r6xw7fvudfpd64c','ZWU4NGNlYWRmMThmN2VmZTM4NjBiMGZkYjZlMjdkNWE2YTdhZTcxZjp7fQ==','2014-09-29 02:44:10'),('4y18xh3rwmb9g4pll2fggp4ptj36fngd','ZWU4NGNlYWRmMThmN2VmZTM4NjBiMGZkYjZlMjdkNWE2YTdhZTcxZjp7fQ==','2014-09-29 03:35:44'),('4ypr43om0kxaltb7ibbgxd9hjwrfuc7a','ZWU4NGNlYWRmMThmN2VmZTM4NjBiMGZkYjZlMjdkNWE2YTdhZTcxZjp7fQ==','2014-09-29 01:53:32'),('507mziewiw0zup9dhkepwd7mebbd70an','ZWU4NGNlYWRmMThmN2VmZTM4NjBiMGZkYjZlMjdkNWE2YTdhZTcxZjp7fQ==','2014-09-30 01:23:41'),('50b467v9w0z5y0ge0ylqigahsnp6whb6','OWE5NTZhOGVkY2E5ZjNmYmYxZjRjYzU1ZTJmZWRkNmVjZTkxZmM3ZDp7InVzZXJuYW1lIjoidXNlcjMifQ==','2014-09-29 03:20:36'),('50fvc6q6xxdyna9s50nk4sajcbqgoq7j','ZWU4NGNlYWRmMThmN2VmZTM4NjBiMGZkYjZlMjdkNWE2YTdhZTcxZjp7fQ==','2014-09-30 01:34:58'),('513ko5lzqhs2qwb26ggbmg41jpo0fs9o','OWE5NTZhOGVkY2E5ZjNmYmYxZjRjYzU1ZTJmZWRkNmVjZTkxZmM3ZDp7InVzZXJuYW1lIjoidXNlcjMifQ==','2014-09-30 02:00:02'),('516ktyu75ocos3cdu8528ktk4zpe5v2t','ZWU4NGNlYWRmMThmN2VmZTM4NjBiMGZkYjZlMjdkNWE2YTdhZTcxZjp7fQ==','2014-10-01 01:16:51'),('51a9bybznwkrsi0cujgkkcbmfptuvo49','ZWU4NGNlYWRmMThmN2VmZTM4NjBiMGZkYjZlMjdkNWE2YTdhZTcxZjp7fQ==','2014-09-29 18:36:36'),('51o8x4isb921bvi7dtohktrlim8w7msg','ZWU4NGNlYWRmMThmN2VmZTM4NjBiMGZkYjZlMjdkNWE2YTdhZTcxZjp7fQ==','2014-09-29 01:52:11'),('52hu03anl81bw8e70vg0k81qs91yvo0s','ZWU4NGNlYWRmMThmN2VmZTM4NjBiMGZkYjZlMjdkNWE2YTdhZTcxZjp7fQ==','2014-09-29 03:15:08'),('52txrbuvmypoj1ccyxkghao4bbxynuvp','ZWU4NGNlYWRmMThmN2VmZTM4NjBiMGZkYjZlMjdkNWE2YTdhZTcxZjp7fQ==','2014-09-29 01:00:32'),('53eggj05gzk9899kp7yqxmjtj6z1ltjg','ZWU4NGNlYWRmMThmN2VmZTM4NjBiMGZkYjZlMjdkNWE2YTdhZTcxZjp7fQ==','2014-09-30 02:11:21'),('53znlpg55lh1qo65qo7zjr8co3b87hj3','ZWU4NGNlYWRmMThmN2VmZTM4NjBiMGZkYjZlMjdkNWE2YTdhZTcxZjp7fQ==','2014-09-29 01:53:28'),('5802tqcv2osjbumn3y3ffnml08x6lcfk','ZWU4NGNlYWRmMThmN2VmZTM4NjBiMGZkYjZlMjdkNWE2YTdhZTcxZjp7fQ==','2014-09-29 02:32:32'),('587if3bq86t2tm7pyw2c20mgjq3xr9z7','ZWU4NGNlYWRmMThmN2VmZTM4NjBiMGZkYjZlMjdkNWE2YTdhZTcxZjp7fQ==','2014-09-29 01:56:20'),('58pu3wwcici4lr1i06nk127wwhhwe69d','ZWU4NGNlYWRmMThmN2VmZTM4NjBiMGZkYjZlMjdkNWE2YTdhZTcxZjp7fQ==','2014-09-29 01:56:19'),('5b6z84gh96kn2dthn7l2zabo0b5hyedb','ZWU4NGNlYWRmMThmN2VmZTM4NjBiMGZkYjZlMjdkNWE2YTdhZTcxZjp7fQ==','2014-09-30 01:39:02'),('5byfsxjycho3emr4cifjp4e9qbskaynf','OWE5NTZhOGVkY2E5ZjNmYmYxZjRjYzU1ZTJmZWRkNmVjZTkxZmM3ZDp7InVzZXJuYW1lIjoidXNlcjMifQ==','2014-10-01 01:47:10'),('5dw095ujxhr31a7bghfias4xncjq6bp3','ZWU4NGNlYWRmMThmN2VmZTM4NjBiMGZkYjZlMjdkNWE2YTdhZTcxZjp7fQ==','2014-09-29 03:08:49'),('5e5knvvggsc6i7r99okdxxs7iq123zlh','ZWU4NGNlYWRmMThmN2VmZTM4NjBiMGZkYjZlMjdkNWE2YTdhZTcxZjp7fQ==','2014-09-29 01:17:55'),('5ho4fb9719gjrefqb4uylq0dzy9bjwcm','ZjFjZDc1OGI5NTZkMzRmNjY4NTY4ODBkN2E0MGJjYzVjOGZhNDZlMTp7InVzZXJuYW1lIjoidXNlcjEifQ==','2014-09-30 01:19:59'),('5jieo1rtx8d1sikrsyv3nh0jv2oa8k2e','ZWU4NGNlYWRmMThmN2VmZTM4NjBiMGZkYjZlMjdkNWE2YTdhZTcxZjp7fQ==','2014-09-29 17:33:29'),('5kqtrd86z6blml9zaughbxndlywqspvt','OWE5NTZhOGVkY2E5ZjNmYmYxZjRjYzU1ZTJmZWRkNmVjZTkxZmM3ZDp7InVzZXJuYW1lIjoidXNlcjMifQ==','2014-09-29 02:25:02'),('5lpkliul5jxwmk1uc3878u2dgvvuv79s','ZWU4NGNlYWRmMThmN2VmZTM4NjBiMGZkYjZlMjdkNWE2YTdhZTcxZjp7fQ==','2014-09-29 18:50:16'),('5ndqsya8yofbmv0lja9pzcaf38m2o8cg','ZWU4NGNlYWRmMThmN2VmZTM4NjBiMGZkYjZlMjdkNWE2YTdhZTcxZjp7fQ==','2014-09-30 01:34:48'),('5no1ni7fxog9agkqf3nb5olnh78x495f','ZWU4NGNlYWRmMThmN2VmZTM4NjBiMGZkYjZlMjdkNWE2YTdhZTcxZjp7fQ==','2014-09-29 17:33:38'),('5nsy3kvfywd7n75xq7p1b4tid4fx8id0','ZWU4NGNlYWRmMThmN2VmZTM4NjBiMGZkYjZlMjdkNWE2YTdhZTcxZjp7fQ==','2014-09-30 01:14:29'),('5pq881ou23onx6vr3q0hyojj4j9tn5x9','ZWU4NGNlYWRmMThmN2VmZTM4NjBiMGZkYjZlMjdkNWE2YTdhZTcxZjp7fQ==','2014-09-30 01:16:08'),('5pqd8jtjxb5nf1zxhkn7dzvor3w9ufn1','OWE5NTZhOGVkY2E5ZjNmYmYxZjRjYzU1ZTJmZWRkNmVjZTkxZmM3ZDp7InVzZXJuYW1lIjoidXNlcjMifQ==','2014-09-29 05:09:22'),('5qegdidahhjcvtw437dm6esa7l8bs8jg','ZWU4NGNlYWRmMThmN2VmZTM4NjBiMGZkYjZlMjdkNWE2YTdhZTcxZjp7fQ==','2014-09-30 01:21:48'),('5qp4suczi58yaubez40brrt60qrknbqc','ZWU4NGNlYWRmMThmN2VmZTM4NjBiMGZkYjZlMjdkNWE2YTdhZTcxZjp7fQ==','2014-09-29 03:31:29'),('5qy7j8unrpcdoomrxmdrp5dm5dt8itmg','OWE5NTZhOGVkY2E5ZjNmYmYxZjRjYzU1ZTJmZWRkNmVjZTkxZmM3ZDp7InVzZXJuYW1lIjoidXNlcjMifQ==','2014-09-30 01:50:44'),('5s8d76ildgumqer24b7r9dgvvr6lprm5','ZWU4NGNlYWRmMThmN2VmZTM4NjBiMGZkYjZlMjdkNWE2YTdhZTcxZjp7fQ==','2014-09-29 03:19:43'),('5smrvb488w4dbxu996hnrpsvpw16nfen','ZWU4NGNlYWRmMThmN2VmZTM4NjBiMGZkYjZlMjdkNWE2YTdhZTcxZjp7fQ==','2014-09-29 03:20:45'),('5w5ar6h0yhxole3p1qch4h7il97rlmbr','OWE5NTZhOGVkY2E5ZjNmYmYxZjRjYzU1ZTJmZWRkNmVjZTkxZmM3ZDp7InVzZXJuYW1lIjoidXNlcjMifQ==','2014-09-29 05:08:45'),('5x3iviz14rukp9nmqgrrxlwjlvowd3mx','ZWU4NGNlYWRmMThmN2VmZTM4NjBiMGZkYjZlMjdkNWE2YTdhZTcxZjp7fQ==','2014-10-01 00:51:44'),('5xzphui3jgr49ter8hch1sl3esru8bb8','OWE5NTZhOGVkY2E5ZjNmYmYxZjRjYzU1ZTJmZWRkNmVjZTkxZmM3ZDp7InVzZXJuYW1lIjoidXNlcjMifQ==','2014-09-30 03:14:17'),('5y6d4zsx3wxyvg4grdop3xf33ab9jjrq','ZWU4NGNlYWRmMThmN2VmZTM4NjBiMGZkYjZlMjdkNWE2YTdhZTcxZjp7fQ==','2014-09-30 01:46:35'),('60z3batt2hv0qn2o6h3v7fswqz9mh9tn','ZWU4NGNlYWRmMThmN2VmZTM4NjBiMGZkYjZlMjdkNWE2YTdhZTcxZjp7fQ==','2014-09-28 04:18:32'),('66kzn0y82pcvl7ztmg9znk154m9o9jiq','ZWU4NGNlYWRmMThmN2VmZTM4NjBiMGZkYjZlMjdkNWE2YTdhZTcxZjp7fQ==','2014-09-30 01:37:22'),('67bajd0bd78q7jgitbokoyilpnbnlbjk','ZWU4NGNlYWRmMThmN2VmZTM4NjBiMGZkYjZlMjdkNWE2YTdhZTcxZjp7fQ==','2014-09-30 01:22:19'),('67k76awo1i8xh2olusjror32zsess9c7','ZjFjZDc1OGI5NTZkMzRmNjY4NTY4ODBkN2E0MGJjYzVjOGZhNDZlMTp7InVzZXJuYW1lIjoidXNlcjEifQ==','2014-09-30 01:34:41'),('67twb45ql36yx7b8qh1oosmb5podai6p','MmE4YmRmY2ZjNWFlNjQzZmJiNGM3MzAzZmNmOWU3YjA3NzhkNGU3NDp7InVzZXJuYW1lIjoidXNlcjMifQ==','2014-10-01 05:18:37'),('68y46p0mlrajba8ipp3lvbg0osdidnxv','ZWU4NGNlYWRmMThmN2VmZTM4NjBiMGZkYjZlMjdkNWE2YTdhZTcxZjp7fQ==','2014-09-29 03:19:16'),('69yyrcop89kt6tfcpk0gk58blprrleas','ZWU4NGNlYWRmMThmN2VmZTM4NjBiMGZkYjZlMjdkNWE2YTdhZTcxZjp7fQ==','2014-09-28 04:19:25'),('6a3ovexo2pbkgdx9q9xalxaktalr6ix5','ZWU4NGNlYWRmMThmN2VmZTM4NjBiMGZkYjZlMjdkNWE2YTdhZTcxZjp7fQ==','2014-09-29 01:20:24'),('6c2msezhp3wx0yejty1u0vs7jdof5sqn','ZjFjZDc1OGI5NTZkMzRmNjY4NTY4ODBkN2E0MGJjYzVjOGZhNDZlMTp7InVzZXJuYW1lIjoidXNlcjEifQ==','2014-09-29 18:49:42'),('6clknzn5ja1uucu1oj358pg7bxxn7y9f','OWE5NTZhOGVkY2E5ZjNmYmYxZjRjYzU1ZTJmZWRkNmVjZTkxZmM3ZDp7InVzZXJuYW1lIjoidXNlcjMifQ==','2014-09-30 02:12:47'),('6evqcz3ine8c8vmzcwd4w3hi9gx0zpfg','ZjFjZDc1OGI5NTZkMzRmNjY4NTY4ODBkN2E0MGJjYzVjOGZhNDZlMTp7InVzZXJuYW1lIjoidXNlcjEifQ==','2014-09-29 18:49:49'),('6g0a3sza3mk2lkvh2ohqnzbinvtcvw54','ZWU4NGNlYWRmMThmN2VmZTM4NjBiMGZkYjZlMjdkNWE2YTdhZTcxZjp7fQ==','2014-09-29 02:17:52'),('6g7630i7n5ioxgfuj6808us5wj6sfe9x','ZWU4NGNlYWRmMThmN2VmZTM4NjBiMGZkYjZlMjdkNWE2YTdhZTcxZjp7fQ==','2014-09-30 01:23:28'),('6gfdikm20vupyfewhz8u33rnjmwjbzzx','ZWU4NGNlYWRmMThmN2VmZTM4NjBiMGZkYjZlMjdkNWE2YTdhZTcxZjp7fQ==','2014-09-30 01:40:18'),('6hvxs4bf2twodrb3kgsn8dk4s2cgakmt','ZWU4NGNlYWRmMThmN2VmZTM4NjBiMGZkYjZlMjdkNWE2YTdhZTcxZjp7fQ==','2014-09-29 18:56:14'),('6jq3yl12dvvjz8fayulidebh9phpghyj','OWE5NTZhOGVkY2E5ZjNmYmYxZjRjYzU1ZTJmZWRkNmVjZTkxZmM3ZDp7InVzZXJuYW1lIjoidXNlcjMifQ==','2014-09-30 02:24:57'),('6jzap16wd7x954n0ydpgk960v0nx2qig','ZWU4NGNlYWRmMThmN2VmZTM4NjBiMGZkYjZlMjdkNWE2YTdhZTcxZjp7fQ==','2014-09-30 01:16:07'),('6kkey940wp3wd3cd8ngnoavajbjuwy66','ZWU4NGNlYWRmMThmN2VmZTM4NjBiMGZkYjZlMjdkNWE2YTdhZTcxZjp7fQ==','2014-09-29 03:20:03'),('6kzuqxultw833lahk5lvj1i9vb9xhyjy','OWE5NTZhOGVkY2E5ZjNmYmYxZjRjYzU1ZTJmZWRkNmVjZTkxZmM3ZDp7InVzZXJuYW1lIjoidXNlcjMifQ==','2014-09-29 01:21:27'),('6qovf7jleuzolrz6jmeeuvjp1dh9g5hz','ZWU4NGNlYWRmMThmN2VmZTM4NjBiMGZkYjZlMjdkNWE2YTdhZTcxZjp7fQ==','2014-09-30 01:39:02'),('6r0apekgqdw5ljcsn2hrwz2a6vya8ul5','ZWU4NGNlYWRmMThmN2VmZTM4NjBiMGZkYjZlMjdkNWE2YTdhZTcxZjp7fQ==','2014-09-30 01:47:15'),('6sq4gbx4b1ispclcqb11nx7a5azqynk1','ZWU4NGNlYWRmMThmN2VmZTM4NjBiMGZkYjZlMjdkNWE2YTdhZTcxZjp7fQ==','2014-09-29 03:22:31'),('6tdm5mfzfit9b7724ndmpwf77jttywhf','OWE5NTZhOGVkY2E5ZjNmYmYxZjRjYzU1ZTJmZWRkNmVjZTkxZmM3ZDp7InVzZXJuYW1lIjoidXNlcjMifQ==','2014-09-30 03:08:44'),('6thrgb7rneehz6w7lju7qex1wbs9lo5t','OWE5NTZhOGVkY2E5ZjNmYmYxZjRjYzU1ZTJmZWRkNmVjZTkxZmM3ZDp7InVzZXJuYW1lIjoidXNlcjMifQ==','2014-09-29 05:03:05'),('6ts2ay7l1m1oi1xns04pb3wutfntc75x','OWE5NTZhOGVkY2E5ZjNmYmYxZjRjYzU1ZTJmZWRkNmVjZTkxZmM3ZDp7InVzZXJuYW1lIjoidXNlcjMifQ==','2014-09-29 17:33:37'),('6tvvrq0ljdcoe7jvaehzpturu0gnvy5u','ZWU4NGNlYWRmMThmN2VmZTM4NjBiMGZkYjZlMjdkNWE2YTdhZTcxZjp7fQ==','2014-10-01 01:17:21'),('6tzmvtwpeu6bpuixp5wlaia8lpcl9wzb','ZWU4NGNlYWRmMThmN2VmZTM4NjBiMGZkYjZlMjdkNWE2YTdhZTcxZjp7fQ==','2014-09-30 01:51:44'),('6uougrdyml9s67sko9w0bg7pjvk1opu5','ZWU4NGNlYWRmMThmN2VmZTM4NjBiMGZkYjZlMjdkNWE2YTdhZTcxZjp7fQ==','2014-09-29 19:29:44'),('6wfhamtvw5z90l3sjostexae2o30gl9q','ZWU4NGNlYWRmMThmN2VmZTM4NjBiMGZkYjZlMjdkNWE2YTdhZTcxZjp7fQ==','2014-09-30 02:09:37'),('6yuul2h34a650ncp0osieane7nqsispg','OWE5NTZhOGVkY2E5ZjNmYmYxZjRjYzU1ZTJmZWRkNmVjZTkxZmM3ZDp7InVzZXJuYW1lIjoidXNlcjMifQ==','2014-09-29 05:05:43'),('6zfa6icw11qbdayr8tq798ru1ed579k8','ZWU4NGNlYWRmMThmN2VmZTM4NjBiMGZkYjZlMjdkNWE2YTdhZTcxZjp7fQ==','2014-09-30 01:51:39'),('70oa69hbmwjd897t3xvlbub37hu1rwsn','ZWU4NGNlYWRmMThmN2VmZTM4NjBiMGZkYjZlMjdkNWE2YTdhZTcxZjp7fQ==','2014-09-29 01:55:02'),('72ni6b6ccqzhfk71w8eg42oal1qay0o1','OWE5NTZhOGVkY2E5ZjNmYmYxZjRjYzU1ZTJmZWRkNmVjZTkxZmM3ZDp7InVzZXJuYW1lIjoidXNlcjMifQ==','2014-09-30 03:18:36'),('7517bzd94sgm7f7k0q5piti54l6khvan','ZWU4NGNlYWRmMThmN2VmZTM4NjBiMGZkYjZlMjdkNWE2YTdhZTcxZjp7fQ==','2014-09-28 05:16:47'),('76pudmqbjyqgbfanxvfatpvq2w9ibkwz','OWE5NTZhOGVkY2E5ZjNmYmYxZjRjYzU1ZTJmZWRkNmVjZTkxZmM3ZDp7InVzZXJuYW1lIjoidXNlcjMifQ==','2014-09-29 03:21:10'),('775n4fgntllixcr2vef824fj1kqwoihl','ZjFjZDc1OGI5NTZkMzRmNjY4NTY4ODBkN2E0MGJjYzVjOGZhNDZlMTp7InVzZXJuYW1lIjoidXNlcjEifQ==','2014-09-30 01:33:14'),('77s76y7sfzae24xosvgn2ey59ngr0m8e','ZWU4NGNlYWRmMThmN2VmZTM4NjBiMGZkYjZlMjdkNWE2YTdhZTcxZjp7fQ==','2014-09-30 01:21:29'),('786jfall8zlezxqmq4p5l9c65bjh1lmk','ZWU4NGNlYWRmMThmN2VmZTM4NjBiMGZkYjZlMjdkNWE2YTdhZTcxZjp7fQ==','2014-09-29 01:20:16'),('78sy96eajzui3bxae3f17qqoob6rvhuj','ZWU4NGNlYWRmMThmN2VmZTM4NjBiMGZkYjZlMjdkNWE2YTdhZTcxZjp7fQ==','2014-09-29 02:07:52'),('792vah78ssvzdnhkto301m0ywicxl6xi','ZWU4NGNlYWRmMThmN2VmZTM4NjBiMGZkYjZlMjdkNWE2YTdhZTcxZjp7fQ==','2014-09-30 01:47:09'),('79rb5zovo3269tljt4fo53v2a1s5bpmm','ZWU4NGNlYWRmMThmN2VmZTM4NjBiMGZkYjZlMjdkNWE2YTdhZTcxZjp7fQ==','2014-09-29 03:08:54'),('7e4xlvxucw48u3v3plnjqi9o1quxb31i','ZWU4NGNlYWRmMThmN2VmZTM4NjBiMGZkYjZlMjdkNWE2YTdhZTcxZjp7fQ==','2014-09-29 03:19:15'),('7e8e5rty1w50pp86kbis75xkciu15oi2','ZWU4NGNlYWRmMThmN2VmZTM4NjBiMGZkYjZlMjdkNWE2YTdhZTcxZjp7fQ==','2014-09-28 04:19:14'),('7eitm9tjh2jp7fsk17q0fu1gue3i1qi7','OWE5NTZhOGVkY2E5ZjNmYmYxZjRjYzU1ZTJmZWRkNmVjZTkxZmM3ZDp7InVzZXJuYW1lIjoidXNlcjMifQ==','2014-10-01 01:47:11'),('7g7sc45vgihuvd7nagqo38d3ogtpgo81','OWE5NTZhOGVkY2E5ZjNmYmYxZjRjYzU1ZTJmZWRkNmVjZTkxZmM3ZDp7InVzZXJuYW1lIjoidXNlcjMifQ==','2014-09-29 18:55:39'),('7gb0d1l7f3vz2ceosk6up63rnh096i0q','ZWU4NGNlYWRmMThmN2VmZTM4NjBiMGZkYjZlMjdkNWE2YTdhZTcxZjp7fQ==','2014-09-30 02:11:30'),('7gwu4rm7gayu63mt31l3s6d7od5jmcka','OWE5NTZhOGVkY2E5ZjNmYmYxZjRjYzU1ZTJmZWRkNmVjZTkxZmM3ZDp7InVzZXJuYW1lIjoidXNlcjMifQ==','2014-09-29 03:21:10'),('7jk1za1v84qjomtpcgzld5oakarv16sq','ZWU4NGNlYWRmMThmN2VmZTM4NjBiMGZkYjZlMjdkNWE2YTdhZTcxZjp7fQ==','2014-09-29 01:04:08'),('7mt4y2z91nacksslhr26v0x2vi2gj0jj','ZWU4NGNlYWRmMThmN2VmZTM4NjBiMGZkYjZlMjdkNWE2YTdhZTcxZjp7fQ==','2014-09-29 01:55:08'),('7nfnzyhw7h8qz6az4ihcpvrg1st50smi','ZWU4NGNlYWRmMThmN2VmZTM4NjBiMGZkYjZlMjdkNWE2YTdhZTcxZjp7fQ==','2014-09-30 01:37:53'),('7nqbvgl6gfg15a14m87v4tmro3083l9u','ZWU4NGNlYWRmMThmN2VmZTM4NjBiMGZkYjZlMjdkNWE2YTdhZTcxZjp7fQ==','2014-09-29 05:11:29'),('7nu59o254xr4rgwaxlxhgjoicr3cyvqj','ZWU4NGNlYWRmMThmN2VmZTM4NjBiMGZkYjZlMjdkNWE2YTdhZTcxZjp7fQ==','2014-09-29 02:18:58'),('7oqxcy60dqvlt1a9lkjgwuqqvi5btoq3','ZWU4NGNlYWRmMThmN2VmZTM4NjBiMGZkYjZlMjdkNWE2YTdhZTcxZjp7fQ==','2014-09-30 01:33:22'),('7rja5ig1dvjlmlf6z4p2u7ag4wjx740s','ZWU4NGNlYWRmMThmN2VmZTM4NjBiMGZkYjZlMjdkNWE2YTdhZTcxZjp7fQ==','2014-09-29 02:17:52'),('7sr2hk2613m063lyw8jgyzss5pl5mu54','ZWU4NGNlYWRmMThmN2VmZTM4NjBiMGZkYjZlMjdkNWE2YTdhZTcxZjp7fQ==','2014-09-29 05:05:42'),('7xou11sumq11326lvm4mkd4qjyvf1lhr','ZWU4NGNlYWRmMThmN2VmZTM4NjBiMGZkYjZlMjdkNWE2YTdhZTcxZjp7fQ==','2014-09-29 01:17:27'),('7xzvbobtote4n96c4pvn6tiaflia6p0j','ZWU4NGNlYWRmMThmN2VmZTM4NjBiMGZkYjZlMjdkNWE2YTdhZTcxZjp7fQ==','2014-09-29 18:49:52'),('800ezmw2by6gvp0lqphnar0zwahe7vit','OWE5NTZhOGVkY2E5ZjNmYmYxZjRjYzU1ZTJmZWRkNmVjZTkxZmM3ZDp7InVzZXJuYW1lIjoidXNlcjMifQ==','2014-10-01 01:47:09'),('823cgihohzy55nwdt6ggfjz7ciebyu1v','ZWU4NGNlYWRmMThmN2VmZTM4NjBiMGZkYjZlMjdkNWE2YTdhZTcxZjp7fQ==','2014-09-29 01:53:13'),('84230xxm6o0n2wknmdzcnztvnf6fq06a','ZWU4NGNlYWRmMThmN2VmZTM4NjBiMGZkYjZlMjdkNWE2YTdhZTcxZjp7fQ==','2014-09-29 03:20:39'),('848qr8ay6dmzjiyfnckilmqaiubiaajg','ZjFjZDc1OGI5NTZkMzRmNjY4NTY4ODBkN2E0MGJjYzVjOGZhNDZlMTp7InVzZXJuYW1lIjoidXNlcjEifQ==','2014-09-30 01:46:17'),('85007oxi7c147o9gy6m4x1b3dj60cs7l','ZWU4NGNlYWRmMThmN2VmZTM4NjBiMGZkYjZlMjdkNWE2YTdhZTcxZjp7fQ==','2014-10-01 01:03:43'),('85804jubwpwupulcbhyvehd7l6dvc2ej','ZWU4NGNlYWRmMThmN2VmZTM4NjBiMGZkYjZlMjdkNWE2YTdhZTcxZjp7fQ==','2014-09-28 05:16:48'),('86l5hn1p7uei6d1vlu489wdgtd8frnha','ZWU4NGNlYWRmMThmN2VmZTM4NjBiMGZkYjZlMjdkNWE2YTdhZTcxZjp7fQ==','2014-09-30 01:21:32'),('86sl4yjr2ts1jg8c8x0qomhj9m2hsqxh','ZWU4NGNlYWRmMThmN2VmZTM4NjBiMGZkYjZlMjdkNWE2YTdhZTcxZjp7fQ==','2014-09-29 03:15:08'),('89gy4lal3l9jqnjrpsfb6kjtfybo74bx','ZWU4NGNlYWRmMThmN2VmZTM4NjBiMGZkYjZlMjdkNWE2YTdhZTcxZjp7fQ==','2014-09-30 02:09:33'),('8bpb5sdehwo8xxb48je3kt5h8ifblnq1','ZWU4NGNlYWRmMThmN2VmZTM4NjBiMGZkYjZlMjdkNWE2YTdhZTcxZjp7fQ==','2014-09-30 01:14:50'),('8gl8v2ktepfng030kqgradvo1yr318rk','ZWU4NGNlYWRmMThmN2VmZTM4NjBiMGZkYjZlMjdkNWE2YTdhZTcxZjp7fQ==','2014-09-29 01:55:03'),('8husk1by4saoqdxzi4qlolv1dtlv79ok','ZWU4NGNlYWRmMThmN2VmZTM4NjBiMGZkYjZlMjdkNWE2YTdhZTcxZjp7fQ==','2014-09-30 03:09:14'),('8i61hr70mz2ks5hboplwl5nmkk9ifwj6','OWE5NTZhOGVkY2E5ZjNmYmYxZjRjYzU1ZTJmZWRkNmVjZTkxZmM3ZDp7InVzZXJuYW1lIjoidXNlcjMifQ==','2014-09-30 02:30:25'),('8ipnmgw1lzkbqchdwi1a8qiefselwei6','ZWU4NGNlYWRmMThmN2VmZTM4NjBiMGZkYjZlMjdkNWE2YTdhZTcxZjp7fQ==','2014-09-29 03:08:58'),('8isfg4jg8mwx02rlxjf40u9rsq08jrwn','ZWU4NGNlYWRmMThmN2VmZTM4NjBiMGZkYjZlMjdkNWE2YTdhZTcxZjp7fQ==','2014-09-29 03:19:21'),('8j19sa61gr4w3vfwx87q4z1soa76e480','ZjFjZDc1OGI5NTZkMzRmNjY4NTY4ODBkN2E0MGJjYzVjOGZhNDZlMTp7InVzZXJuYW1lIjoidXNlcjEifQ==','2014-09-30 01:34:40'),('8j4ivc6xvthbvbaiuit3cl1r1khvlck0','ZWU4NGNlYWRmMThmN2VmZTM4NjBiMGZkYjZlMjdkNWE2YTdhZTcxZjp7fQ==','2014-09-30 01:14:29'),('8kyq8qik4oufbiigatxxvc7x1hk6hnb7','ZWU4NGNlYWRmMThmN2VmZTM4NjBiMGZkYjZlMjdkNWE2YTdhZTcxZjp7fQ==','2014-09-29 03:22:50'),('8nk5pe80wlv36riuferlsprxtpy3tfdi','ZWU4NGNlYWRmMThmN2VmZTM4NjBiMGZkYjZlMjdkNWE2YTdhZTcxZjp7fQ==','2014-09-29 03:14:36'),('8phxlhivg3azszs0hbk7e2d2errk1nuq','ZWU4NGNlYWRmMThmN2VmZTM4NjBiMGZkYjZlMjdkNWE2YTdhZTcxZjp7fQ==','2014-09-30 01:36:49'),('8qyyc6y3bvrpd52yx1719s7ei4x84hzj','ZWU4NGNlYWRmMThmN2VmZTM4NjBiMGZkYjZlMjdkNWE2YTdhZTcxZjp7fQ==','2014-09-30 01:22:52'),('8ra5ju3wrrfc4512uawux246mhknffd1','ZWU4NGNlYWRmMThmN2VmZTM4NjBiMGZkYjZlMjdkNWE2YTdhZTcxZjp7fQ==','2014-09-29 03:14:36'),('8rsorcgr6lh8tkxzq0s7ml7b4g8jqghq','OWE5NTZhOGVkY2E5ZjNmYmYxZjRjYzU1ZTJmZWRkNmVjZTkxZmM3ZDp7InVzZXJuYW1lIjoidXNlcjMifQ==','2014-09-29 03:23:52'),('8u77avyteg1co0nhpknl9hb6yah0tzil','ZWU4NGNlYWRmMThmN2VmZTM4NjBiMGZkYjZlMjdkNWE2YTdhZTcxZjp7fQ==','2014-09-29 02:20:57'),('8us27wjotpvsyruh7tp5uuj0b2ekx2t6','ZWU4NGNlYWRmMThmN2VmZTM4NjBiMGZkYjZlMjdkNWE2YTdhZTcxZjp7fQ==','2014-09-29 03:19:17'),('8wkl82nfnpai0zg6gy2ec43pc74ptq7e','ZWU4NGNlYWRmMThmN2VmZTM4NjBiMGZkYjZlMjdkNWE2YTdhZTcxZjp7fQ==','2014-09-29 03:28:02'),('8wrunsb59c9wq9xh9ofic09wvkoweigo','ZWU4NGNlYWRmMThmN2VmZTM4NjBiMGZkYjZlMjdkNWE2YTdhZTcxZjp7fQ==','2014-09-30 02:11:45'),('8xh552zk4p1xiqcctbr9batorhb43oj8','ZWU4NGNlYWRmMThmN2VmZTM4NjBiMGZkYjZlMjdkNWE2YTdhZTcxZjp7fQ==','2014-09-30 01:46:31'),('90d2f2l3h43zcwqn3ds23gk853jhn7nd','ZWU4NGNlYWRmMThmN2VmZTM4NjBiMGZkYjZlMjdkNWE2YTdhZTcxZjp7fQ==','2014-09-28 04:18:02'),('918vxyn8swtyj3bgmjye1mwc7uvqshqm','ZWU4NGNlYWRmMThmN2VmZTM4NjBiMGZkYjZlMjdkNWE2YTdhZTcxZjp7fQ==','2014-10-01 01:05:48'),('93ogrzlk6b3rviz4ht684k8o25ojrtoe','ZWU4NGNlYWRmMThmN2VmZTM4NjBiMGZkYjZlMjdkNWE2YTdhZTcxZjp7fQ==','2014-09-29 04:24:48'),('9409d8d40xb8s3xh3zi11va3ttedjbwv','ZjFjZDc1OGI5NTZkMzRmNjY4NTY4ODBkN2E0MGJjYzVjOGZhNDZlMTp7InVzZXJuYW1lIjoidXNlcjEifQ==','2014-09-29 18:49:47'),('95shoxrbo1e0kvqhdnvqcgrqdamvx8b8','ZjFjZDc1OGI5NTZkMzRmNjY4NTY4ODBkN2E0MGJjYzVjOGZhNDZlMTp7InVzZXJuYW1lIjoidXNlcjEifQ==','2014-09-30 01:31:26'),('96kg6581ywe9beiy2pojo4bwb0armrf1','ZWU4NGNlYWRmMThmN2VmZTM4NjBiMGZkYjZlMjdkNWE2YTdhZTcxZjp7fQ==','2014-09-30 02:30:41'),('99qm3wg3ufdmirkk9y1zy560mqjoa6ba','ZWU4NGNlYWRmMThmN2VmZTM4NjBiMGZkYjZlMjdkNWE2YTdhZTcxZjp7fQ==','2014-09-29 18:46:10'),('9b4c7c9kxd0b21couuy4egbkcmy25kiz','ZWU4NGNlYWRmMThmN2VmZTM4NjBiMGZkYjZlMjdkNWE2YTdhZTcxZjp7fQ==','2014-09-30 01:34:49'),('9buci1ft2gt626bmw0r9htxgsy20qpob','ZWU4NGNlYWRmMThmN2VmZTM4NjBiMGZkYjZlMjdkNWE2YTdhZTcxZjp7fQ==','2014-09-29 01:53:32'),('9emhndj3e0q4gm8zkr7vgjhgqjqh178k','ZWU4NGNlYWRmMThmN2VmZTM4NjBiMGZkYjZlMjdkNWE2YTdhZTcxZjp7fQ==','2014-09-30 01:17:51'),('9fb8w011y5adwnqq2esrrr8v2514l3jn','ZWU4NGNlYWRmMThmN2VmZTM4NjBiMGZkYjZlMjdkNWE2YTdhZTcxZjp7fQ==','2014-09-28 04:20:10'),('9ha24mufm29rb9ttkfyf5bt03xlfgpl6','ZWU4NGNlYWRmMThmN2VmZTM4NjBiMGZkYjZlMjdkNWE2YTdhZTcxZjp7fQ==','2014-09-30 01:21:59'),('9iq2j820nk2g6t0m3m8vz6389d1f2b5m','ZWU4NGNlYWRmMThmN2VmZTM4NjBiMGZkYjZlMjdkNWE2YTdhZTcxZjp7fQ==','2014-09-28 05:13:13'),('9k8tjyulsvyjuqq3k53j1ogvyvsqnq0t','ZWU4NGNlYWRmMThmN2VmZTM4NjBiMGZkYjZlMjdkNWE2YTdhZTcxZjp7fQ==','2014-09-30 01:14:50'),('9kc2dr2fakwxgth01x3un4uu0osv3xq4','OWE5NTZhOGVkY2E5ZjNmYmYxZjRjYzU1ZTJmZWRkNmVjZTkxZmM3ZDp7InVzZXJuYW1lIjoidXNlcjMifQ==','2014-09-28 05:25:53'),('9l4zxiwli1dxw1qtjwbgxru5j0ygtvpe','ZWU4NGNlYWRmMThmN2VmZTM4NjBiMGZkYjZlMjdkNWE2YTdhZTcxZjp7fQ==','2014-09-29 17:33:20'),('9nfg7nnk0o3f9y485y3uab8thj8q3p9o','ZWU4NGNlYWRmMThmN2VmZTM4NjBiMGZkYjZlMjdkNWE2YTdhZTcxZjp7fQ==','2014-09-30 01:31:35'),('9nnm0c80w6b3g3j5c6e13oz4ws84ieav','ZWU4NGNlYWRmMThmN2VmZTM4NjBiMGZkYjZlMjdkNWE2YTdhZTcxZjp7fQ==','2014-09-30 01:18:29'),('9o5b4ukm7vv5rwvw0m795ir9w4u8755g','ZWU4NGNlYWRmMThmN2VmZTM4NjBiMGZkYjZlMjdkNWE2YTdhZTcxZjp7fQ==','2014-10-01 01:47:30'),('9onaw0ioxypwrkkchupfb5thgfj94iol','ZWU4NGNlYWRmMThmN2VmZTM4NjBiMGZkYjZlMjdkNWE2YTdhZTcxZjp7fQ==','2014-09-29 01:52:36'),('9t9asi3wyra495rcgxpakdqi0f88hrve','OWE5NTZhOGVkY2E5ZjNmYmYxZjRjYzU1ZTJmZWRkNmVjZTkxZmM3ZDp7InVzZXJuYW1lIjoidXNlcjMifQ==','2014-09-29 03:37:28'),('9twa2dk8ci6okta822b0pyaisy9dhjxj','ZWU4NGNlYWRmMThmN2VmZTM4NjBiMGZkYjZlMjdkNWE2YTdhZTcxZjp7fQ==','2014-09-29 01:17:55'),('9wcme6yf0d5vari7aj294ea9ec5lcvam','ZWU4NGNlYWRmMThmN2VmZTM4NjBiMGZkYjZlMjdkNWE2YTdhZTcxZjp7fQ==','2014-09-30 01:38:35'),('9wlyqvplhi3s0bnkkf6fechszzkxhz1s','ZWU4NGNlYWRmMThmN2VmZTM4NjBiMGZkYjZlMjdkNWE2YTdhZTcxZjp7fQ==','2014-09-29 18:18:27'),('9xtpl38qwbqcxuex5g3ecb6wppt8hf8n','OWE5NTZhOGVkY2E5ZjNmYmYxZjRjYzU1ZTJmZWRkNmVjZTkxZmM3ZDp7InVzZXJuYW1lIjoidXNlcjMifQ==','2014-09-29 05:00:26'),('9z3m9upj4hgd6fo7t0cl5w0nqzc8axxq','ZWU4NGNlYWRmMThmN2VmZTM4NjBiMGZkYjZlMjdkNWE2YTdhZTcxZjp7fQ==','2014-09-29 03:08:54'),('a14sya38orj0dc7l0ppuniiwssk4bysd','ZWU4NGNlYWRmMThmN2VmZTM4NjBiMGZkYjZlMjdkNWE2YTdhZTcxZjp7fQ==','2014-09-28 05:09:32'),('a2odrom3mbf7xmyvzhvcg6x7g3h2q004','ZWU4NGNlYWRmMThmN2VmZTM4NjBiMGZkYjZlMjdkNWE2YTdhZTcxZjp7fQ==','2014-09-29 18:46:15'),('a6hsrue7p4pblueattmn86nhv56d849j','ZWU4NGNlYWRmMThmN2VmZTM4NjBiMGZkYjZlMjdkNWE2YTdhZTcxZjp7fQ==','2014-09-29 01:53:28'),('a6uxhnfr4opvvcz67yk77l63i9snoiyl','OWE5NTZhOGVkY2E5ZjNmYmYxZjRjYzU1ZTJmZWRkNmVjZTkxZmM3ZDp7InVzZXJuYW1lIjoidXNlcjMifQ==','2014-09-29 19:22:11'),('a7qjdkmq7l2dmprof58ng12uztjvc92h','ZWU4NGNlYWRmMThmN2VmZTM4NjBiMGZkYjZlMjdkNWE2YTdhZTcxZjp7fQ==','2014-09-29 01:17:27'),('a9r2v9q1hnoy78lq2k84cbsp44y9ezt0','OWE5NTZhOGVkY2E5ZjNmYmYxZjRjYzU1ZTJmZWRkNmVjZTkxZmM3ZDp7InVzZXJuYW1lIjoidXNlcjMifQ==','2014-09-30 03:08:44'),('aavgeorvwzynfn5268s7dgtkdnjts6tm','ZWU4NGNlYWRmMThmN2VmZTM4NjBiMGZkYjZlMjdkNWE2YTdhZTcxZjp7fQ==','2014-09-30 01:20:31'),('ab10i0gyebkg38y8pwtoq03b3e4rq1q6','ZWU4NGNlYWRmMThmN2VmZTM4NjBiMGZkYjZlMjdkNWE2YTdhZTcxZjp7fQ==','2014-09-30 01:38:32'),('abisl5cz4pmhanc5vums9svk36l6hbpl','ZWU4NGNlYWRmMThmN2VmZTM4NjBiMGZkYjZlMjdkNWE2YTdhZTcxZjp7fQ==','2014-10-01 01:29:52'),('ablkid9ka0y3wypuuy6c9xrhj1rhgpc7','ZWU4NGNlYWRmMThmN2VmZTM4NjBiMGZkYjZlMjdkNWE2YTdhZTcxZjp7fQ==','2014-09-29 01:55:15'),('ad4xomtvym89o7k2uf8b60lap3n2t30p','ZWU4NGNlYWRmMThmN2VmZTM4NjBiMGZkYjZlMjdkNWE2YTdhZTcxZjp7fQ==','2014-09-29 01:56:20'),('adnwief09dsx3ykbbbkixa81bvs9u2fu','ZWU4NGNlYWRmMThmN2VmZTM4NjBiMGZkYjZlMjdkNWE2YTdhZTcxZjp7fQ==','2014-09-28 05:13:33'),('aey9j1djii0mtsftju6qziaekqcbol9q','ZWU4NGNlYWRmMThmN2VmZTM4NjBiMGZkYjZlMjdkNWE2YTdhZTcxZjp7fQ==','2014-10-01 00:51:15'),('ag5dvw5nkereyzu96adpxg7u6hl73g2m','ZWU4NGNlYWRmMThmN2VmZTM4NjBiMGZkYjZlMjdkNWE2YTdhZTcxZjp7fQ==','2014-09-30 01:20:11'),('age2timv2qsx7omv1sn5woxbk9e91iqb','ZWU4NGNlYWRmMThmN2VmZTM4NjBiMGZkYjZlMjdkNWE2YTdhZTcxZjp7fQ==','2014-09-29 18:46:07'),('aghdxkimugfkvi8hw53wr68hqvzwszon','ZWU4NGNlYWRmMThmN2VmZTM4NjBiMGZkYjZlMjdkNWE2YTdhZTcxZjp7fQ==','2014-09-30 01:16:48'),('agmu89iwotesl5e0ojwtv0qrci48635j','MmM0YTcwMjFjNDRlZmI4NjQ5ZmFkZDVkZGVkOTUxZWFmNmYzNWZiZjp7InVzZXJuYW1lIjoidXNlcjQifQ==','2014-10-01 05:52:13'),('aivzf2xzjilc3ur22uyqanlexkxcjaps','ZWU4NGNlYWRmMThmN2VmZTM4NjBiMGZkYjZlMjdkNWE2YTdhZTcxZjp7fQ==','2014-09-29 01:02:57'),('amogu6nktf3oa65hcfomgialhl0ulnsy','ZWU4NGNlYWRmMThmN2VmZTM4NjBiMGZkYjZlMjdkNWE2YTdhZTcxZjp7fQ==','2014-09-29 01:17:27'),('anhpj1n1isheaorfz1xlz2gdhxlj8z92','MmE4YmRmY2ZjNWFlNjQzZmJiNGM3MzAzZmNmOWU3YjA3NzhkNGU3NDp7InVzZXJuYW1lIjoidXNlcjMifQ==','2014-10-01 05:34:24'),('anmsgs74k2oyv3uinx2rcxhr0lerz2k2','ZWU4NGNlYWRmMThmN2VmZTM4NjBiMGZkYjZlMjdkNWE2YTdhZTcxZjp7fQ==','2014-09-28 04:19:08'),('ao9jo8fbyykeixwwcbqw04j5jcukpr7a','OWE5NTZhOGVkY2E5ZjNmYmYxZjRjYzU1ZTJmZWRkNmVjZTkxZmM3ZDp7InVzZXJuYW1lIjoidXNlcjMifQ==','2014-09-29 03:15:30'),('aoz0c1atfgn516ds3kyjihpavkeno69f','ZWU4NGNlYWRmMThmN2VmZTM4NjBiMGZkYjZlMjdkNWE2YTdhZTcxZjp7fQ==','2014-09-28 04:18:32'),('apu9t3fdh5crk4n4dccnkn1ryv10jmum','ZWU4NGNlYWRmMThmN2VmZTM4NjBiMGZkYjZlMjdkNWE2YTdhZTcxZjp7fQ==','2014-09-30 03:13:38'),('av9camslrjctqkwyqelkb2fzs76ad9p0','MmE4YmRmY2ZjNWFlNjQzZmJiNGM3MzAzZmNmOWU3YjA3NzhkNGU3NDp7InVzZXJuYW1lIjoidXNlcjMifQ==','2014-10-01 05:18:37'),('avw0f2346oxwf7kea62p3okn7w7zlb04','ZWU4NGNlYWRmMThmN2VmZTM4NjBiMGZkYjZlMjdkNWE2YTdhZTcxZjp7fQ==','2014-09-30 01:51:39'),('awbt0ylp32zk12w8d0s3ci6b1o7e2g1h','ZjFjZDc1OGI5NTZkMzRmNjY4NTY4ODBkN2E0MGJjYzVjOGZhNDZlMTp7InVzZXJuYW1lIjoidXNlcjEifQ==','2014-09-30 01:34:41'),('axfqehfhcgu26gmdzb050wddvrxhgup7','ZWU4NGNlYWRmMThmN2VmZTM4NjBiMGZkYjZlMjdkNWE2YTdhZTcxZjp7fQ==','2014-09-30 01:14:50'),('ayeb0y0omil3fy1evrhd6txzcgldp8mr','ZWU4NGNlYWRmMThmN2VmZTM4NjBiMGZkYjZlMjdkNWE2YTdhZTcxZjp7fQ==','2014-09-30 01:16:22'),('b1k6o679awwb70z5s63edv7pfinqp8yr','ZjFjZDc1OGI5NTZkMzRmNjY4NTY4ODBkN2E0MGJjYzVjOGZhNDZlMTp7InVzZXJuYW1lIjoidXNlcjEifQ==','2014-09-30 01:33:14'),('b1omjgg1vpe6j6xowhuefxdyciqs7hez','ZWU4NGNlYWRmMThmN2VmZTM4NjBiMGZkYjZlMjdkNWE2YTdhZTcxZjp7fQ==','2014-09-28 05:24:26'),('b1rhd3rh5bx1haxx9pq704lk6rxgq3wh','ZWU4NGNlYWRmMThmN2VmZTM4NjBiMGZkYjZlMjdkNWE2YTdhZTcxZjp7fQ==','2014-09-30 01:40:16'),('b1tdjkd5urma036qas5egx3w30tfmdgi','ZWU4NGNlYWRmMThmN2VmZTM4NjBiMGZkYjZlMjdkNWE2YTdhZTcxZjp7fQ==','2014-09-30 01:34:58'),('b1yck6x8hmpk79rlros9ani15vito8sz','ZWU4NGNlYWRmMThmN2VmZTM4NjBiMGZkYjZlMjdkNWE2YTdhZTcxZjp7fQ==','2014-09-29 01:02:47'),('b2d0s4clupkfoudff2yp7d9d3m4e5u16','ZWU4NGNlYWRmMThmN2VmZTM4NjBiMGZkYjZlMjdkNWE2YTdhZTcxZjp7fQ==','2014-09-30 01:23:41'),('b3ai7nics77m4jtystdt53mpsvgrtzus','ZWU4NGNlYWRmMThmN2VmZTM4NjBiMGZkYjZlMjdkNWE2YTdhZTcxZjp7fQ==','2014-09-30 01:49:55'),('b3kgluvplckw380rrbftg1u1clw9yq45','ZWU4NGNlYWRmMThmN2VmZTM4NjBiMGZkYjZlMjdkNWE2YTdhZTcxZjp7fQ==','2014-09-29 17:31:58'),('b3sghybcmltuyhef5b0imwdork3ti5hy','ZWU4NGNlYWRmMThmN2VmZTM4NjBiMGZkYjZlMjdkNWE2YTdhZTcxZjp7fQ==','2014-09-29 03:26:30'),('b4960mvr5cjqpvm4og4o1erh3dxrn43k','ZWU4NGNlYWRmMThmN2VmZTM4NjBiMGZkYjZlMjdkNWE2YTdhZTcxZjp7fQ==','2014-09-30 01:34:44'),('b4ogp8iyrghdvuf1ndp5zpts13394qrn','ZWU4NGNlYWRmMThmN2VmZTM4NjBiMGZkYjZlMjdkNWE2YTdhZTcxZjp7fQ==','2014-09-29 03:22:37'),('b5ewfe349xolamgmo707gy069bks69v7','ZWU4NGNlYWRmMThmN2VmZTM4NjBiMGZkYjZlMjdkNWE2YTdhZTcxZjp7fQ==','2014-09-29 03:15:38'),('b7tkv0w0reh4du66llxdtubzkl3zy0dt','ZWU4NGNlYWRmMThmN2VmZTM4NjBiMGZkYjZlMjdkNWE2YTdhZTcxZjp7fQ==','2014-09-30 03:08:17'),('b8ev66uz68rr4p7t0xzchmhlga880j9c','ZWU4NGNlYWRmMThmN2VmZTM4NjBiMGZkYjZlMjdkNWE2YTdhZTcxZjp7fQ==','2014-09-29 03:14:36'),('b8msv43zvkkzue07gmglfxrsr6uut1n3','ZjFjZDc1OGI5NTZkMzRmNjY4NTY4ODBkN2E0MGJjYzVjOGZhNDZlMTp7InVzZXJuYW1lIjoidXNlcjEifQ==','2014-09-29 19:06:09'),('b9mx6onfx4rbvzu4fczpy70my7x7kcvb','ZWU4NGNlYWRmMThmN2VmZTM4NjBiMGZkYjZlMjdkNWE2YTdhZTcxZjp7fQ==','2014-09-28 05:13:14'),('b9v2g7ub590cy9m7xbqm9q147w0wpal3','ZWU4NGNlYWRmMThmN2VmZTM4NjBiMGZkYjZlMjdkNWE2YTdhZTcxZjp7fQ==','2014-09-30 01:34:49'),('bb6jg5rvjzl1rryal8uu2sopqa4922em','ZWU4NGNlYWRmMThmN2VmZTM4NjBiMGZkYjZlMjdkNWE2YTdhZTcxZjp7fQ==','2014-09-29 03:18:30'),('bf7t4z3bz41utk0h6eyaoag34pzfp1pk','OWE5NTZhOGVkY2E5ZjNmYmYxZjRjYzU1ZTJmZWRkNmVjZTkxZmM3ZDp7InVzZXJuYW1lIjoidXNlcjMifQ==','2014-10-01 01:39:54'),('bg2dlxr7q2mwwm7q4mt7fbakmnyf68d7','ZWU4NGNlYWRmMThmN2VmZTM4NjBiMGZkYjZlMjdkNWE2YTdhZTcxZjp7fQ==','2014-09-30 01:51:42'),('bgl3dlzdamkp7nwjlgyhja9v2r0lsvkn','ZWU4NGNlYWRmMThmN2VmZTM4NjBiMGZkYjZlMjdkNWE2YTdhZTcxZjp7fQ==','2014-09-30 01:38:35'),('bgpbs7d2qu5kjr12wlxrtgnn406bgf6e','ZWU4NGNlYWRmMThmN2VmZTM4NjBiMGZkYjZlMjdkNWE2YTdhZTcxZjp7fQ==','2014-09-30 03:07:48'),('bgv1bvhino3bqq2f7kev7z61g23i9ihj','ZWU4NGNlYWRmMThmN2VmZTM4NjBiMGZkYjZlMjdkNWE2YTdhZTcxZjp7fQ==','2014-09-29 01:17:27'),('bhl9dj2bq33nmfzprlet2y7fjledp6xu','ZWU4NGNlYWRmMThmN2VmZTM4NjBiMGZkYjZlMjdkNWE2YTdhZTcxZjp7fQ==','2014-09-30 01:34:58'),('bibhi7efhct0nqaui31fm2emxyqx9rxn','ZWU4NGNlYWRmMThmN2VmZTM4NjBiMGZkYjZlMjdkNWE2YTdhZTcxZjp7fQ==','2014-10-01 01:16:15'),('bj3rgnkle5o5kc2ssu91vinmaknpzmp5','ZWU4NGNlYWRmMThmN2VmZTM4NjBiMGZkYjZlMjdkNWE2YTdhZTcxZjp7fQ==','2014-09-30 01:46:31'),('bk5dxe137bu0qfl1hh9b1ij6v26d004h','ZWU4NGNlYWRmMThmN2VmZTM4NjBiMGZkYjZlMjdkNWE2YTdhZTcxZjp7fQ==','2014-09-30 01:59:46'),('bmpxxqn454hn5nqyqskd6w09mz7l39ty','ZjFjZDc1OGI5NTZkMzRmNjY4NTY4ODBkN2E0MGJjYzVjOGZhNDZlMTp7InVzZXJuYW1lIjoidXNlcjEifQ==','2014-10-01 01:06:05'),('bn855hei85pysnxi3gnk38l0ze0melrk','ZWU4NGNlYWRmMThmN2VmZTM4NjBiMGZkYjZlMjdkNWE2YTdhZTcxZjp7fQ==','2014-09-29 03:19:43'),('bodffk7r0mk2g252rx90f008a7y51icn','ZWU4NGNlYWRmMThmN2VmZTM4NjBiMGZkYjZlMjdkNWE2YTdhZTcxZjp7fQ==','2014-09-30 02:11:30'),('bp1m3e9uq32mozzcdmcwqdvy1z02zr9n','ZjFjZDc1OGI5NTZkMzRmNjY4NTY4ODBkN2E0MGJjYzVjOGZhNDZlMTp7InVzZXJuYW1lIjoidXNlcjEifQ==','2014-10-01 01:05:30'),('bq20yz6xcfh49vvzu3qwcjlfyb9a6xxu','OWE5NTZhOGVkY2E5ZjNmYmYxZjRjYzU1ZTJmZWRkNmVjZTkxZmM3ZDp7InVzZXJuYW1lIjoidXNlcjMifQ==','2014-09-29 03:33:09'),('bsuoxm9s104sw2xaqy1kpf5r4hi457gw','OWE5NTZhOGVkY2E5ZjNmYmYxZjRjYzU1ZTJmZWRkNmVjZTkxZmM3ZDp7InVzZXJuYW1lIjoidXNlcjMifQ==','2014-09-30 01:50:45'),('btmg4f6bswfwbenk1b79srfudov2iwjx','ZWU4NGNlYWRmMThmN2VmZTM4NjBiMGZkYjZlMjdkNWE2YTdhZTcxZjp7fQ==','2014-09-30 01:14:50'),('butwb187h29a33vr9ez0brp3ctewi0u5','ZWU4NGNlYWRmMThmN2VmZTM4NjBiMGZkYjZlMjdkNWE2YTdhZTcxZjp7fQ==','2014-09-30 01:21:29'),('bv8if4esl8178r67po0whi8mcdfjauy2','ZWU4NGNlYWRmMThmN2VmZTM4NjBiMGZkYjZlMjdkNWE2YTdhZTcxZjp7fQ==','2014-09-29 03:22:36'),('bwwhrufy9nhi8m1m5cu98ticqpqlastd','ZWU4NGNlYWRmMThmN2VmZTM4NjBiMGZkYjZlMjdkNWE2YTdhZTcxZjp7fQ==','2014-09-30 01:37:53'),('by4qx5awwegpaj6zvmu5a3bby7hcmy54','ZWU4NGNlYWRmMThmN2VmZTM4NjBiMGZkYjZlMjdkNWE2YTdhZTcxZjp7fQ==','2014-09-30 01:18:04'),('byety2kf7zy6xz5shay2763ucedjnhwh','ZWU4NGNlYWRmMThmN2VmZTM4NjBiMGZkYjZlMjdkNWE2YTdhZTcxZjp7fQ==','2014-09-29 17:33:37'),('bzbdf5k16uvpobe07pwqqeaijhb2zkek','ZWU4NGNlYWRmMThmN2VmZTM4NjBiMGZkYjZlMjdkNWE2YTdhZTcxZjp7fQ==','2014-09-29 18:50:21'),('bzbpoomza47l6q0pap4ntu2a6ehoo4vw','ZWU4NGNlYWRmMThmN2VmZTM4NjBiMGZkYjZlMjdkNWE2YTdhZTcxZjp7fQ==','2014-09-29 01:20:16'),('bzppxg3rw7ouq3pzt9w6nq16rzaxu11q','ZWU4NGNlYWRmMThmN2VmZTM4NjBiMGZkYjZlMjdkNWE2YTdhZTcxZjp7fQ==','2014-09-30 01:38:32'),('c0xrx0x2nm6s5eemx2cvqgnsgoucdvxi','ZWU4NGNlYWRmMThmN2VmZTM4NjBiMGZkYjZlMjdkNWE2YTdhZTcxZjp7fQ==','2014-09-28 05:25:48'),('c12ii7pg5yun3i5cjnyj5hxohdk81gpy','ZjFjZDc1OGI5NTZkMzRmNjY4NTY4ODBkN2E0MGJjYzVjOGZhNDZlMTp7InVzZXJuYW1lIjoidXNlcjEifQ==','2014-09-30 01:38:27'),('c2hjukgfxbou4nfi4icq2esctmzncy5v','ZWU4NGNlYWRmMThmN2VmZTM4NjBiMGZkYjZlMjdkNWE2YTdhZTcxZjp7fQ==','2014-09-29 01:55:18'),('c3ht4mdyzgutik5ysav8rfg095qqdmsj','OWE5NTZhOGVkY2E5ZjNmYmYxZjRjYzU1ZTJmZWRkNmVjZTkxZmM3ZDp7InVzZXJuYW1lIjoidXNlcjMifQ==','2014-09-29 03:24:54'),('c6fi2xfftzko0nj7anib0y975260bz5x','ZWU4NGNlYWRmMThmN2VmZTM4NjBiMGZkYjZlMjdkNWE2YTdhZTcxZjp7fQ==','2014-09-29 17:31:57'),('c7tekt73fhfj86pveak5rtfykexio5vq','ZWU4NGNlYWRmMThmN2VmZTM4NjBiMGZkYjZlMjdkNWE2YTdhZTcxZjp7fQ==','2014-09-29 18:49:23'),('c819bdbbjuh6gcfa4dcikyacl29atic8','ZWU4NGNlYWRmMThmN2VmZTM4NjBiMGZkYjZlMjdkNWE2YTdhZTcxZjp7fQ==','2014-09-29 01:18:30'),('c8f689sokivi9uq5ih57vlan5umrokar','ZWU4NGNlYWRmMThmN2VmZTM4NjBiMGZkYjZlMjdkNWE2YTdhZTcxZjp7fQ==','2014-09-29 04:12:44'),('c8s1dcdddspuciulfu39kuygr5bl4zs6','ZWU4NGNlYWRmMThmN2VmZTM4NjBiMGZkYjZlMjdkNWE2YTdhZTcxZjp7fQ==','2014-10-01 01:28:00'),('c9385bxz27takv798n7kl87o6w1qlmt9','ZWU4NGNlYWRmMThmN2VmZTM4NjBiMGZkYjZlMjdkNWE2YTdhZTcxZjp7fQ==','2014-09-29 03:22:32'),('c9u2pvbonarbg7xjr0z8rq1cto7gbths','ZWU4NGNlYWRmMThmN2VmZTM4NjBiMGZkYjZlMjdkNWE2YTdhZTcxZjp7fQ==','2014-09-28 04:18:02'),('cg75ocqtlrtwhgbdn4njsug7est6fdf7','ZWU4NGNlYWRmMThmN2VmZTM4NjBiMGZkYjZlMjdkNWE2YTdhZTcxZjp7fQ==','2014-09-30 01:18:29'),('cguzj77zu0xqt1ffy723eyptgbgm0sew','ZWU4NGNlYWRmMThmN2VmZTM4NjBiMGZkYjZlMjdkNWE2YTdhZTcxZjp7fQ==','2014-09-29 01:20:03'),('cgyhcyss7yr4cmet2f787xya525nnzwp','ZWU4NGNlYWRmMThmN2VmZTM4NjBiMGZkYjZlMjdkNWE2YTdhZTcxZjp7fQ==','2014-09-30 01:47:06'),('chbwdfq2v8ltd3ae81h4mji9n8vpuhbr','ZWU4NGNlYWRmMThmN2VmZTM4NjBiMGZkYjZlMjdkNWE2YTdhZTcxZjp7fQ==','2014-09-29 01:53:28'),('chutyt6aqr58v482xbiiug3v564w0nb9','ZWU4NGNlYWRmMThmN2VmZTM4NjBiMGZkYjZlMjdkNWE2YTdhZTcxZjp7fQ==','2014-09-30 02:09:32'),('chwsb6etfa9wvhpmsnwrgqy5kesyupoy','ZWU4NGNlYWRmMThmN2VmZTM4NjBiMGZkYjZlMjdkNWE2YTdhZTcxZjp7fQ==','2014-09-28 04:15:27'),('chxkitew22rpjjoyzvyfses3dgs18h7c','ZWU4NGNlYWRmMThmN2VmZTM4NjBiMGZkYjZlMjdkNWE2YTdhZTcxZjp7fQ==','2014-09-29 03:08:58'),('cju92dr743neyl4ga1n1gjs3t1j866rw','OWE5NTZhOGVkY2E5ZjNmYmYxZjRjYzU1ZTJmZWRkNmVjZTkxZmM3ZDp7InVzZXJuYW1lIjoidXNlcjMifQ==','2014-10-01 01:15:31'),('ck6hw922iqn21v23psup1yz18ovd5gpm','ZWU4NGNlYWRmMThmN2VmZTM4NjBiMGZkYjZlMjdkNWE2YTdhZTcxZjp7fQ==','2014-09-30 01:21:01'),('clvu97bn83ikdojipvv41bejnzhp1c7k','ZWU4NGNlYWRmMThmN2VmZTM4NjBiMGZkYjZlMjdkNWE2YTdhZTcxZjp7fQ==','2014-09-30 01:34:48'),('cmtwe5z4c7cdwek389dqt36rq4cgad65','ZWU4NGNlYWRmMThmN2VmZTM4NjBiMGZkYjZlMjdkNWE2YTdhZTcxZjp7fQ==','2014-09-29 18:50:21'),('cojowefh1ou217sw3hoku0lq647fdp3a','ZWU4NGNlYWRmMThmN2VmZTM4NjBiMGZkYjZlMjdkNWE2YTdhZTcxZjp7fQ==','2014-09-29 03:22:50'),('comeoqwtolccdvd0orm4thf4oueeqoml','ZWU4NGNlYWRmMThmN2VmZTM4NjBiMGZkYjZlMjdkNWE2YTdhZTcxZjp7fQ==','2014-09-30 01:36:41'),('cov2ew6347cnpg11vxixk6nhijwmav2c','ZWU4NGNlYWRmMThmN2VmZTM4NjBiMGZkYjZlMjdkNWE2YTdhZTcxZjp7fQ==','2014-09-29 03:08:53'),('cows0nv1794d8z5lhtnyme8mdaijg734','MjZlNmNmNTE1MmQ5NTQ5ZTE1ZmIzZTc2ZGU5OWE3MjMxYmQzMzE3NDp7InVzZXJuYW1lIjoidXNlcjEifQ==','2014-10-01 05:40:04'),('cpjmrlpym5oh92myqs4g9j9jaxqnps1b','ZWU4NGNlYWRmMThmN2VmZTM4NjBiMGZkYjZlMjdkNWE2YTdhZTcxZjp7fQ==','2014-09-28 04:33:18'),('cpx07k0g5dmneb4bpjf6qnaal3b4jd1l','ZWU4NGNlYWRmMThmN2VmZTM4NjBiMGZkYjZlMjdkNWE2YTdhZTcxZjp7fQ==','2014-09-29 03:15:33'),('cpxzehe4flp32m2zc1p8rhyngr5vrlgr','ZWU4NGNlYWRmMThmN2VmZTM4NjBiMGZkYjZlMjdkNWE2YTdhZTcxZjp7fQ==','2014-09-29 02:20:18'),('crpnn8vss7mhvwnjmwuyiqwzj7plfbfm','ZWU4NGNlYWRmMThmN2VmZTM4NjBiMGZkYjZlMjdkNWE2YTdhZTcxZjp7fQ==','2014-10-01 01:47:30'),('crtdloee44so3y1ljx3gra04bimu5p3s','ZWU4NGNlYWRmMThmN2VmZTM4NjBiMGZkYjZlMjdkNWE2YTdhZTcxZjp7fQ==','2014-09-30 01:16:22'),('cwmc6c6siszhfeebdtmgitz7cqcosl3a','ZjFjZDc1OGI5NTZkMzRmNjY4NTY4ODBkN2E0MGJjYzVjOGZhNDZlMTp7InVzZXJuYW1lIjoidXNlcjEifQ==','2014-09-29 18:54:31'),('cx0id4cs3cjok4kdeiietcpbj038l7hp','ZWU4NGNlYWRmMThmN2VmZTM4NjBiMGZkYjZlMjdkNWE2YTdhZTcxZjp7fQ==','2014-09-30 01:36:43'),('cxkxg8dh9xelerepoio5juy8pncn6rsb','ZWU4NGNlYWRmMThmN2VmZTM4NjBiMGZkYjZlMjdkNWE2YTdhZTcxZjp7fQ==','2014-09-29 18:55:35'),('cz685syio8k6ofjuf0yg999oe59ziomw','ZWU4NGNlYWRmMThmN2VmZTM4NjBiMGZkYjZlMjdkNWE2YTdhZTcxZjp7fQ==','2014-09-29 02:24:26'),('d24ofwn1nazdw2g0zumh89qtfvyiq782','ZWU4NGNlYWRmMThmN2VmZTM4NjBiMGZkYjZlMjdkNWE2YTdhZTcxZjp7fQ==','2014-09-29 18:56:09'),('d2dfvg7qbc6noz134o0onal3kqij05az','OWE5NTZhOGVkY2E5ZjNmYmYxZjRjYzU1ZTJmZWRkNmVjZTkxZmM3ZDp7InVzZXJuYW1lIjoidXNlcjMifQ==','2014-09-28 04:10:51'),('d63uw8bzghtae1lh90r0wuvqghv1oyyw','ZWU4NGNlYWRmMThmN2VmZTM4NjBiMGZkYjZlMjdkNWE2YTdhZTcxZjp7fQ==','2014-09-29 05:04:40'),('d6legmppc31bpbi8xaq7zolgqup0y31e','ZWU4NGNlYWRmMThmN2VmZTM4NjBiMGZkYjZlMjdkNWE2YTdhZTcxZjp7fQ==','2014-09-29 18:50:15'),('d8o20msbsifycc7zkclbvllsek3v6lci','ZWU4NGNlYWRmMThmN2VmZTM4NjBiMGZkYjZlMjdkNWE2YTdhZTcxZjp7fQ==','2014-09-28 04:18:32'),('d8rsgwbxxpgch7qnim1syex24dis84ip','ZWU4NGNlYWRmMThmN2VmZTM4NjBiMGZkYjZlMjdkNWE2YTdhZTcxZjp7fQ==','2014-09-29 03:19:16'),('dabewv94ei40cow58tbucw8h59pw70mu','ZWU4NGNlYWRmMThmN2VmZTM4NjBiMGZkYjZlMjdkNWE2YTdhZTcxZjp7fQ==','2014-09-28 05:13:22'),('db45hrtxrro83obhup51cexfakmlu1mn','ZWU4NGNlYWRmMThmN2VmZTM4NjBiMGZkYjZlMjdkNWE2YTdhZTcxZjp7fQ==','2014-09-29 03:22:57'),('dbvlsn4gwzmvfmzkx4itufnf2q8fm4nl','ZWU4NGNlYWRmMThmN2VmZTM4NjBiMGZkYjZlMjdkNWE2YTdhZTcxZjp7fQ==','2014-09-29 03:24:06'),('ddmc98hk92042nhzggi6c7fg4mm1sepq','ZWU4NGNlYWRmMThmN2VmZTM4NjBiMGZkYjZlMjdkNWE2YTdhZTcxZjp7fQ==','2014-09-29 03:20:45'),('df3ehld2v455pm2aeec6k1djc9hx2ikg','ZWU4NGNlYWRmMThmN2VmZTM4NjBiMGZkYjZlMjdkNWE2YTdhZTcxZjp7fQ==','2014-09-30 01:16:22'),('dgefkkwqwqnp88bvxbxa4ad2rav7pb96','ZWU4NGNlYWRmMThmN2VmZTM4NjBiMGZkYjZlMjdkNWE2YTdhZTcxZjp7fQ==','2014-09-30 01:37:22'),('dgod57q1qy8emqailoganrtxx3hckf3c','ZWU4NGNlYWRmMThmN2VmZTM4NjBiMGZkYjZlMjdkNWE2YTdhZTcxZjp7fQ==','2014-09-30 01:59:27'),('dgump1vcz77yg4hb5yhfpm72wvwwxsin','ZWU4NGNlYWRmMThmN2VmZTM4NjBiMGZkYjZlMjdkNWE2YTdhZTcxZjp7fQ==','2014-09-29 04:07:43'),('dgyipij031oqlkcc3ajmwdc0t6jo3lxj','ZWU4NGNlYWRmMThmN2VmZTM4NjBiMGZkYjZlMjdkNWE2YTdhZTcxZjp7fQ==','2014-09-29 03:59:00'),('dhc5hc3r8svk0vwejhx1y47z7oapkpb0','ZWU4NGNlYWRmMThmN2VmZTM4NjBiMGZkYjZlMjdkNWE2YTdhZTcxZjp7fQ==','2014-09-29 18:46:56'),('djiz95lpq9qrgli5rb713pbo8wwgmpqt','OWE5NTZhOGVkY2E5ZjNmYmYxZjRjYzU1ZTJmZWRkNmVjZTkxZmM3ZDp7InVzZXJuYW1lIjoidXNlcjMifQ==','2014-10-01 02:01:23'),('dka9nn4fatvg3ca5iqccucwqjqm6in6q','ZWU4NGNlYWRmMThmN2VmZTM4NjBiMGZkYjZlMjdkNWE2YTdhZTcxZjp7fQ==','2014-09-29 18:16:20'),('dm8ubhkmt42wj16cqvtdd4fkm9h0flcn','ZWU4NGNlYWRmMThmN2VmZTM4NjBiMGZkYjZlMjdkNWE2YTdhZTcxZjp7fQ==','2014-09-29 19:30:02'),('dndr4l01uiphzwo6fhbxnrmzv2a9gma0','ZWU4NGNlYWRmMThmN2VmZTM4NjBiMGZkYjZlMjdkNWE2YTdhZTcxZjp7fQ==','2014-09-29 03:19:15'),('dozyrp0s6p9oxp3plrfa7vnm0c2d5fhl','OWE5NTZhOGVkY2E5ZjNmYmYxZjRjYzU1ZTJmZWRkNmVjZTkxZmM3ZDp7InVzZXJuYW1lIjoidXNlcjMifQ==','2014-09-29 18:40:33'),('dp88sopzql0m9vo1ceukp0pfogfk8kw6','ZWU4NGNlYWRmMThmN2VmZTM4NjBiMGZkYjZlMjdkNWE2YTdhZTcxZjp7fQ==','2014-09-29 03:21:15'),('drsfl9ujbtc1k4zq1n0ob6z8b5bckfag','ZWU4NGNlYWRmMThmN2VmZTM4NjBiMGZkYjZlMjdkNWE2YTdhZTcxZjp7fQ==','2014-09-29 02:32:32'),('dshux42ssg4lsc9hyw4uk24rni9pjwlr','ZWU4NGNlYWRmMThmN2VmZTM4NjBiMGZkYjZlMjdkNWE2YTdhZTcxZjp7fQ==','2014-09-29 03:20:38'),('dslktwa1gr2by145qko81ypiadwee20l','ZWU4NGNlYWRmMThmN2VmZTM4NjBiMGZkYjZlMjdkNWE2YTdhZTcxZjp7fQ==','2014-09-29 01:53:20'),('dtpe4s9blb6sugywzzlmqk0149sbcy9k','ZWU4NGNlYWRmMThmN2VmZTM4NjBiMGZkYjZlMjdkNWE2YTdhZTcxZjp7fQ==','2014-09-30 01:36:10'),('dx0c1g1fxh0hnqkx7fvxgls0pjvm5mt9','OWE5NTZhOGVkY2E5ZjNmYmYxZjRjYzU1ZTJmZWRkNmVjZTkxZmM3ZDp7InVzZXJuYW1lIjoidXNlcjMifQ==','2014-09-29 04:07:43'),('dxf0c9equsjxg5stb136zdiy95hau84g','ZWU4NGNlYWRmMThmN2VmZTM4NjBiMGZkYjZlMjdkNWE2YTdhZTcxZjp7fQ==','2014-09-29 01:53:14'),('dypgm2i6eld0iuwhotb9met8vvxbahb6','ZWU4NGNlYWRmMThmN2VmZTM4NjBiMGZkYjZlMjdkNWE2YTdhZTcxZjp7fQ==','2014-09-29 18:55:43'),('dzmjf530zgvqe6zclku890e3sjwxg1tx','OWE5NTZhOGVkY2E5ZjNmYmYxZjRjYzU1ZTJmZWRkNmVjZTkxZmM3ZDp7InVzZXJuYW1lIjoidXNlcjMifQ==','2014-09-28 05:24:46'),('dzzza9usza6plgx41gd9hx5tg5qt2k6p','ZWU4NGNlYWRmMThmN2VmZTM4NjBiMGZkYjZlMjdkNWE2YTdhZTcxZjp7fQ==','2014-09-29 03:15:38'),('e1gjilqdjqzx8nrn37586xgfm1j2xxv0','ZWU4NGNlYWRmMThmN2VmZTM4NjBiMGZkYjZlMjdkNWE2YTdhZTcxZjp7fQ==','2014-09-29 01:55:07'),('e2e73771676573160fa61279395ff194','NDRhNzk5NTJmYjYzMDJmMzM1MGFlMzc5OGZjYmFkZjY2ZDkyNTg4YjqAAn1xAShVCHVzZXJuYW1l\nWAUAAAB1c2VyMVUJc2Vzc2lvbmlkVSBlMmU3Mzc3MTY3NjU3MzE2MGZhNjEyNzkzOTVmZjE5NHEC\nVQdoZWFkaW5nWAkAAABoZWFkMS5qcGd1Lg==\n','2017-05-25 12:27:00'),('e2q5fjiet7t0vp3siz0c83d1j4e0ij3a','ZWU4NGNlYWRmMThmN2VmZTM4NjBiMGZkYjZlMjdkNWE2YTdhZTcxZjp7fQ==','2014-09-29 02:44:11'),('e2tosy50o3xmk2vhfukeef5aqyddh1jk','OWE5NTZhOGVkY2E5ZjNmYmYxZjRjYzU1ZTJmZWRkNmVjZTkxZmM3ZDp7InVzZXJuYW1lIjoidXNlcjMifQ==','2014-09-29 01:43:32'),('e30nfhyyhpsqkgwsyvzk0k9grdp2j4xc','ZWU4NGNlYWRmMThmN2VmZTM4NjBiMGZkYjZlMjdkNWE2YTdhZTcxZjp7fQ==','2014-10-01 01:16:26'),('e3tupt7mm1ednb32fy1p1kdurdo5tq4q','ZWU4NGNlYWRmMThmN2VmZTM4NjBiMGZkYjZlMjdkNWE2YTdhZTcxZjp7fQ==','2014-09-30 01:16:06'),('e3woye0k015tc244b5wnjlfu50earvmd','OWE5NTZhOGVkY2E5ZjNmYmYxZjRjYzU1ZTJmZWRkNmVjZTkxZmM3ZDp7InVzZXJuYW1lIjoidXNlcjMifQ==','2014-09-29 03:22:08'),('e6hds5stz2y2t7f6258lr0fex9mkwc2e','ZWU4NGNlYWRmMThmN2VmZTM4NjBiMGZkYjZlMjdkNWE2YTdhZTcxZjp7fQ==','2014-09-29 01:52:35'),('e73gpw2hdf1c50xjvo3hba9iwscii74v','ZWU4NGNlYWRmMThmN2VmZTM4NjBiMGZkYjZlMjdkNWE2YTdhZTcxZjp7fQ==','2014-09-30 01:59:46'),('e7my84a0swfono5rc5j0bnq70a13skns','ZjFjZDc1OGI5NTZkMzRmNjY4NTY4ODBkN2E0MGJjYzVjOGZhNDZlMTp7InVzZXJuYW1lIjoidXNlcjEifQ==','2014-09-30 01:20:54'),('e8lzui2m1dec9ppv8n2lnkv4bjnapr9g','ZWU4NGNlYWRmMThmN2VmZTM4NjBiMGZkYjZlMjdkNWE2YTdhZTcxZjp7fQ==','2014-09-30 01:22:27'),('e8rts9lsq26jsrfxvju0dfv8c7gbvrdj','ZWU4NGNlYWRmMThmN2VmZTM4NjBiMGZkYjZlMjdkNWE2YTdhZTcxZjp7fQ==','2014-09-30 01:14:28'),('e9kxzz06dwymwtaqhs7plngi0y94ej0m','ZWU4NGNlYWRmMThmN2VmZTM4NjBiMGZkYjZlMjdkNWE2YTdhZTcxZjp7fQ==','2014-09-30 01:23:28'),('ea6oi5wkmc9px0p98fgtu41yxw6zao65','OWE5NTZhOGVkY2E5ZjNmYmYxZjRjYzU1ZTJmZWRkNmVjZTkxZmM3ZDp7InVzZXJuYW1lIjoidXNlcjMifQ==','2014-09-29 03:21:13'),('eadeocfo7iqsn9y8vju9j6uceqphdzo9','ZWU4NGNlYWRmMThmN2VmZTM4NjBiMGZkYjZlMjdkNWE2YTdhZTcxZjp7fQ==','2014-09-29 03:28:02'),('eckssc6g0wsn76y7bx9mn8j86pbvl3yc','MjZlNmNmNTE1MmQ5NTQ5ZTE1ZmIzZTc2ZGU5OWE3MjMxYmQzMzE3NDp7InVzZXJuYW1lIjoidXNlcjEifQ==','2014-10-01 05:40:08'),('ee0odluww4ocd2532iudgj26nqsa6mz3','ZWU4NGNlYWRmMThmN2VmZTM4NjBiMGZkYjZlMjdkNWE2YTdhZTcxZjp7fQ==','2014-09-30 03:18:41'),('eej95okz4zdti7ch10rmivbo15fahxw8','ZWU4NGNlYWRmMThmN2VmZTM4NjBiMGZkYjZlMjdkNWE2YTdhZTcxZjp7fQ==','2014-09-29 03:19:17'),('efc7dl41nxi5u4fmpdfqnj06pqfsfvyd','ZWU4NGNlYWRmMThmN2VmZTM4NjBiMGZkYjZlMjdkNWE2YTdhZTcxZjp7fQ==','2014-09-29 01:02:00'),('ehp3eppxvbn2yo1zhugym625ejgf320m','OWE5NTZhOGVkY2E5ZjNmYmYxZjRjYzU1ZTJmZWRkNmVjZTkxZmM3ZDp7InVzZXJuYW1lIjoidXNlcjMifQ==','2014-09-30 01:51:25'),('ei4tvo0mz5voqhmjuh6mxhrcrlp5shge','ZWU4NGNlYWRmMThmN2VmZTM4NjBiMGZkYjZlMjdkNWE2YTdhZTcxZjp7fQ==','2014-09-30 01:23:28'),('ejsdn99myyayoc94buftw78yqh5dq66p','YzM0MTE0NDVmOWVlMWM1ODI3MDBhZDVmZWYzYWJiNzgyOTBlMmQ1Nzp7InVzZXJuYW1lIjoidXNlcjMiLCJfc2Vzc2lvbl9leHBpcnkiOjg2NDAwfQ==','2014-09-27 14:17:52'),('ekhtnss51iwvmoomsp2xbjvrg8itnz1r','ZWU4NGNlYWRmMThmN2VmZTM4NjBiMGZkYjZlMjdkNWE2YTdhZTcxZjp7fQ==','2014-09-28 04:20:11'),('eksqc3vwlwhg9jpu9nv8sq8t9uenbzou','ZWU4NGNlYWRmMThmN2VmZTM4NjBiMGZkYjZlMjdkNWE2YTdhZTcxZjp7fQ==','2014-09-30 01:34:44'),('elk5l31b2cofu5qn71cejsay3jcq57yg','ZWU4NGNlYWRmMThmN2VmZTM4NjBiMGZkYjZlMjdkNWE2YTdhZTcxZjp7fQ==','2014-09-29 01:20:02'),('eo450zugp9va98kce5h28nl94hq7925p','ZWU4NGNlYWRmMThmN2VmZTM4NjBiMGZkYjZlMjdkNWE2YTdhZTcxZjp7fQ==','2014-09-29 03:19:21'),('eofzv1hvoozfog4tbuxamdbtgceo5fro','ZWU4NGNlYWRmMThmN2VmZTM4NjBiMGZkYjZlMjdkNWE2YTdhZTcxZjp7fQ==','2014-09-30 03:13:42'),('ep5kikpwp6k7esam2i13a9hvb9p5j3po','ZWU4NGNlYWRmMThmN2VmZTM4NjBiMGZkYjZlMjdkNWE2YTdhZTcxZjp7fQ==','2014-09-29 01:56:19'),('eqqx6sleo273q79yxdvyozn2bdh72why','ZWU4NGNlYWRmMThmN2VmZTM4NjBiMGZkYjZlMjdkNWE2YTdhZTcxZjp7fQ==','2014-09-30 01:33:28'),('equim0dk8kduifekzc3d7m5ww52avh2y','ZWU4NGNlYWRmMThmN2VmZTM4NjBiMGZkYjZlMjdkNWE2YTdhZTcxZjp7fQ==','2014-09-29 04:21:16'),('err91ormq2p65aut0ou32ce303ejvumx','OWE5NTZhOGVkY2E5ZjNmYmYxZjRjYzU1ZTJmZWRkNmVjZTkxZmM3ZDp7InVzZXJuYW1lIjoidXNlcjMifQ==','2014-09-30 03:09:33'),('esham097y47syupkpmptlfrjkvmoni2a','ZWU4NGNlYWRmMThmN2VmZTM4NjBiMGZkYjZlMjdkNWE2YTdhZTcxZjp7fQ==','2014-09-30 01:22:02'),('eu9w8mhfc7msvo1cy7gqf26cdg5frqd4','ZWU4NGNlYWRmMThmN2VmZTM4NjBiMGZkYjZlMjdkNWE2YTdhZTcxZjp7fQ==','2014-09-29 03:19:14'),('euo3i89vrc1e9k1j2fcc42lzkcg1270u','ZWU4NGNlYWRmMThmN2VmZTM4NjBiMGZkYjZlMjdkNWE2YTdhZTcxZjp7fQ==','2014-09-29 01:17:56'),('evj0e0ltd1ajse85nszz3wtbgbqwqhe9','ZWU4NGNlYWRmMThmN2VmZTM4NjBiMGZkYjZlMjdkNWE2YTdhZTcxZjp7fQ==','2014-09-30 01:16:51'),('evpi7pq4u1id2xbamlcdimilfn6uoosr','ZWU4NGNlYWRmMThmN2VmZTM4NjBiMGZkYjZlMjdkNWE2YTdhZTcxZjp7fQ==','2014-09-28 05:18:44'),('ewdor8l7a6w68qlxsr4o0l9hjduoyswz','OWE5NTZhOGVkY2E5ZjNmYmYxZjRjYzU1ZTJmZWRkNmVjZTkxZmM3ZDp7InVzZXJuYW1lIjoidXNlcjMifQ==','2014-09-30 03:18:36'),('exam1lala24wux7drmvnsoxxqpb51bi5','ZWU4NGNlYWRmMThmN2VmZTM4NjBiMGZkYjZlMjdkNWE2YTdhZTcxZjp7fQ==','2014-10-01 01:05:48'),('exy7on99j8nw2hxm7wnopt91i639p4g3','ZWU4NGNlYWRmMThmN2VmZTM4NjBiMGZkYjZlMjdkNWE2YTdhZTcxZjp7fQ==','2014-09-28 05:13:13'),('eyfh09cu9ikbyua0rw79yszstzzjad0f','ZWU4NGNlYWRmMThmN2VmZTM4NjBiMGZkYjZlMjdkNWE2YTdhZTcxZjp7fQ==','2014-09-29 01:56:19'),('f1rzcjwyre18jkfbh1g794tuzf3uh50p','ZWU4NGNlYWRmMThmN2VmZTM4NjBiMGZkYjZlMjdkNWE2YTdhZTcxZjp7fQ==','2014-09-29 03:24:06'),('f2nhg195fn31pntccm9ckavr6mvkajeu','ZWU4NGNlYWRmMThmN2VmZTM4NjBiMGZkYjZlMjdkNWE2YTdhZTcxZjp7fQ==','2014-10-01 00:51:17'),('f3f53ikt353a79mk9ch2csfszj8cf2da','ZWU4NGNlYWRmMThmN2VmZTM4NjBiMGZkYjZlMjdkNWE2YTdhZTcxZjp7fQ==','2014-09-29 03:19:14'),('f6cer0o5qqks9uemxybc3vlh00dz3yek','ZWU4NGNlYWRmMThmN2VmZTM4NjBiMGZkYjZlMjdkNWE2YTdhZTcxZjp7fQ==','2014-09-29 01:17:55'),('f6sgvpyiu0lxb1f1buiklbu02pidm3gf','ZWU4NGNlYWRmMThmN2VmZTM4NjBiMGZkYjZlMjdkNWE2YTdhZTcxZjp7fQ==','2014-10-01 01:53:46'),('f8ad1mov2tlxwp5k0cicjd97z3ttlcdn','ZWU4NGNlYWRmMThmN2VmZTM4NjBiMGZkYjZlMjdkNWE2YTdhZTcxZjp7fQ==','2014-09-30 01:37:53'),('f9kh76kjl8litrw1l4o0jmi22xf8s9ak','ZWU4NGNlYWRmMThmN2VmZTM4NjBiMGZkYjZlMjdkNWE2YTdhZTcxZjp7fQ==','2014-09-30 01:14:53'),('f9rrtqe1axsm1cmtl7ixp9f0twrie3gl','ZWU4NGNlYWRmMThmN2VmZTM4NjBiMGZkYjZlMjdkNWE2YTdhZTcxZjp7fQ==','2014-09-29 01:55:01'),('f9x2bv227gv1wv347pzwknmgyop8xz2h','ZWU4NGNlYWRmMThmN2VmZTM4NjBiMGZkYjZlMjdkNWE2YTdhZTcxZjp7fQ==','2014-10-01 01:53:30'),('fbl2x7ga5y8svsme3gw3ctl2cd8gcqlr','ZWU4NGNlYWRmMThmN2VmZTM4NjBiMGZkYjZlMjdkNWE2YTdhZTcxZjp7fQ==','2014-09-29 03:19:53'),('fc1uio71agu00bpwr565o894zfkjiit8','ZWU4NGNlYWRmMThmN2VmZTM4NjBiMGZkYjZlMjdkNWE2YTdhZTcxZjp7fQ==','2014-09-29 02:44:12'),('ff9t72ptmm3hsa61yl0xe2j8pq1v1c8u','ZWU4NGNlYWRmMThmN2VmZTM4NjBiMGZkYjZlMjdkNWE2YTdhZTcxZjp7fQ==','2014-09-30 01:34:58'),('fg61v4hizob2xxyvbwti1pwc1pwpx4xm','ZWU4NGNlYWRmMThmN2VmZTM4NjBiMGZkYjZlMjdkNWE2YTdhZTcxZjp7fQ==','2014-09-30 01:33:28'),('fg956ajfh3zubyjd1ytoc83rjozcya36','ZWU4NGNlYWRmMThmN2VmZTM4NjBiMGZkYjZlMjdkNWE2YTdhZTcxZjp7fQ==','2014-09-29 03:22:21'),('fgda8kfwkqxt1pcv1vjxq57lsfefkrpf','ZWU4NGNlYWRmMThmN2VmZTM4NjBiMGZkYjZlMjdkNWE2YTdhZTcxZjp7fQ==','2014-09-29 01:54:58'),('fh6gw48bl5c33hi1t7ol19slddbz3emf','ZWU4NGNlYWRmMThmN2VmZTM4NjBiMGZkYjZlMjdkNWE2YTdhZTcxZjp7fQ==','2014-09-29 02:17:52'),('fhqynwu2lbidbydxxyodel0ttjf154zy','ZWU4NGNlYWRmMThmN2VmZTM4NjBiMGZkYjZlMjdkNWE2YTdhZTcxZjp7fQ==','2014-09-30 01:16:46'),('fiskws34htembdy30dtsv8ie5rrmuugd','ZWU4NGNlYWRmMThmN2VmZTM4NjBiMGZkYjZlMjdkNWE2YTdhZTcxZjp7fQ==','2014-09-30 01:47:11'),('fjq8g7e4l7kktjc5eagscsoq6rbp0mld','ZWU4NGNlYWRmMThmN2VmZTM4NjBiMGZkYjZlMjdkNWE2YTdhZTcxZjp7fQ==','2014-09-30 01:59:37'),('fk18xtnfzuztklpkn2meynr4jpwsq9gd','ZWU4NGNlYWRmMThmN2VmZTM4NjBiMGZkYjZlMjdkNWE2YTdhZTcxZjp7fQ==','2014-09-30 01:23:53'),('fm0ajfh15sz4mpeydjibr7i6ysv3n0r6','ZWU4NGNlYWRmMThmN2VmZTM4NjBiMGZkYjZlMjdkNWE2YTdhZTcxZjp7fQ==','2014-09-28 04:10:58'),('fmgasy4t54h3eyjsjfb09tun2erqnb73','ZjFjZDc1OGI5NTZkMzRmNjY4NTY4ODBkN2E0MGJjYzVjOGZhNDZlMTp7InVzZXJuYW1lIjoidXNlcjEifQ==','2014-09-30 01:31:26'),('fojojg3wjpo4koe2742w98zo44yh2bk1','ZWU4NGNlYWRmMThmN2VmZTM4NjBiMGZkYjZlMjdkNWE2YTdhZTcxZjp7fQ==','2014-09-29 17:33:38'),('fq8ffmi9x4eps2v7fvfh742igd4ll8o0','OWE5NTZhOGVkY2E5ZjNmYmYxZjRjYzU1ZTJmZWRkNmVjZTkxZmM3ZDp7InVzZXJuYW1lIjoidXNlcjMifQ==','2014-10-01 01:53:30'),('fr0xvtlaws9k8vhsu54a4k7zi41sb4g8','ZWU4NGNlYWRmMThmN2VmZTM4NjBiMGZkYjZlMjdkNWE2YTdhZTcxZjp7fQ==','2014-09-29 05:08:45'),('frxlmp96s23zm7zvvmp2timsakr9cax0','ZWU4NGNlYWRmMThmN2VmZTM4NjBiMGZkYjZlMjdkNWE2YTdhZTcxZjp7fQ==','2014-09-28 04:13:43'),('fsctd5m3w7sqmqfh9r1a8pi9a7blczxg','OWE5NTZhOGVkY2E5ZjNmYmYxZjRjYzU1ZTJmZWRkNmVjZTkxZmM3ZDp7InVzZXJuYW1lIjoidXNlcjMifQ==','2014-09-29 03:15:28'),('fsj9qujngzma8sm1g7s91dj0fm3bn2b4','ZjFjZDc1OGI5NTZkMzRmNjY4NTY4ODBkN2E0MGJjYzVjOGZhNDZlMTp7InVzZXJuYW1lIjoidXNlcjEifQ==','2014-09-30 01:40:07'),('ft5mhg11af92g2w3zlmskbk7fkrwdhob','OWE5NTZhOGVkY2E5ZjNmYmYxZjRjYzU1ZTJmZWRkNmVjZTkxZmM3ZDp7InVzZXJuYW1lIjoidXNlcjMifQ==','2014-09-29 03:16:37'),('ftxsh83twy46hdicq2qgnroh85cfhqtf','ZWU4NGNlYWRmMThmN2VmZTM4NjBiMGZkYjZlMjdkNWE2YTdhZTcxZjp7fQ==','2014-09-30 03:17:49'),('fua7ltmfl07dcrau106awahw9qf9yrds','ZWU4NGNlYWRmMThmN2VmZTM4NjBiMGZkYjZlMjdkNWE2YTdhZTcxZjp7fQ==','2014-09-29 03:18:30'),('fw85xsx0z5tepsmozqjrma6zcu1m5frj','ZWU4NGNlYWRmMThmN2VmZTM4NjBiMGZkYjZlMjdkNWE2YTdhZTcxZjp7fQ==','2014-09-28 05:13:34'),('fwnms0hnt1z846fvc9pjrsgu4l9dcefn','ZWU4NGNlYWRmMThmN2VmZTM4NjBiMGZkYjZlMjdkNWE2YTdhZTcxZjp7fQ==','2014-09-29 03:31:24'),('fxirzwhl9bedh7usquhw7easvhmz9wq6','ZWU4NGNlYWRmMThmN2VmZTM4NjBiMGZkYjZlMjdkNWE2YTdhZTcxZjp7fQ==','2014-09-30 03:14:21'),('fzf449qmhngik2a6jf51v14awq7y5nk4','ZWU4NGNlYWRmMThmN2VmZTM4NjBiMGZkYjZlMjdkNWE2YTdhZTcxZjp7fQ==','2014-09-30 01:48:56'),('fzjzk99flqz0s2gi3iqkitluwcqdenaa','OWE5NTZhOGVkY2E5ZjNmYmYxZjRjYzU1ZTJmZWRkNmVjZTkxZmM3ZDp7InVzZXJuYW1lIjoidXNlcjMifQ==','2014-09-29 03:22:08'),('g0el4gvbr1l9lhr6nnzxpuleb5bb62fi','ZWU4NGNlYWRmMThmN2VmZTM4NjBiMGZkYjZlMjdkNWE2YTdhZTcxZjp7fQ==','2014-09-29 02:23:39'),('g204kpaaennsnhxmwgwadpt8dgr3allw','OWE5NTZhOGVkY2E5ZjNmYmYxZjRjYzU1ZTJmZWRkNmVjZTkxZmM3ZDp7InVzZXJuYW1lIjoidXNlcjMifQ==','2014-09-29 17:42:57'),('g3k5i1wmp5cijm0tr3s262bdz32rwx1x','ZWU4NGNlYWRmMThmN2VmZTM4NjBiMGZkYjZlMjdkNWE2YTdhZTcxZjp7fQ==','2014-09-30 03:18:42'),('g4015yp6tgxxgcsusm68a5v17svdwwsx','ZWU4NGNlYWRmMThmN2VmZTM4NjBiMGZkYjZlMjdkNWE2YTdhZTcxZjp7fQ==','2014-09-28 04:15:30'),('g4hknz8g7xmmrf19wn9you2do8amc6g4','ZWU4NGNlYWRmMThmN2VmZTM4NjBiMGZkYjZlMjdkNWE2YTdhZTcxZjp7fQ==','2014-09-28 04:15:34'),('g547ko2dr6d2my29hun3wpi92t0r6tdl','ZWU4NGNlYWRmMThmN2VmZTM4NjBiMGZkYjZlMjdkNWE2YTdhZTcxZjp7fQ==','2014-09-29 01:56:20'),('g56zs63z6aq7hl93qbl7rdmax6zrv5vj','OWE5NTZhOGVkY2E5ZjNmYmYxZjRjYzU1ZTJmZWRkNmVjZTkxZmM3ZDp7InVzZXJuYW1lIjoidXNlcjMifQ==','2014-09-29 01:46:24'),('g7zsex2jfydr1nyve9awnxyhaqxzm8ux','ZWU4NGNlYWRmMThmN2VmZTM4NjBiMGZkYjZlMjdkNWE2YTdhZTcxZjp7fQ==','2014-09-29 01:02:26'),('gb2zuumsbktc38yt1vpwk3l9wejyko54','ZWU4NGNlYWRmMThmN2VmZTM4NjBiMGZkYjZlMjdkNWE2YTdhZTcxZjp7fQ==','2014-09-30 03:08:13'),('gbqrrmyyuh6vz7q4z5jadm2x8usw8x8t','OWE5NTZhOGVkY2E5ZjNmYmYxZjRjYzU1ZTJmZWRkNmVjZTkxZmM3ZDp7InVzZXJuYW1lIjoidXNlcjMifQ==','2014-09-30 02:12:42'),('gcox0vtczl6pux63dtqod3g6b92gr7b6','ZWU4NGNlYWRmMThmN2VmZTM4NjBiMGZkYjZlMjdkNWE2YTdhZTcxZjp7fQ==','2014-09-28 05:07:33'),('gewq2mvwya30faeolz0e4vhpovzrpho4','ZWU4NGNlYWRmMThmN2VmZTM4NjBiMGZkYjZlMjdkNWE2YTdhZTcxZjp7fQ==','2014-09-28 05:13:34'),('ghxpleen1ba1ymrfeluvpf57g1vrmvxw','ZWU4NGNlYWRmMThmN2VmZTM4NjBiMGZkYjZlMjdkNWE2YTdhZTcxZjp7fQ==','2014-10-01 01:28:00'),('gk7rzu7i1ad1su4816sin8td9si2cahr','ZWU4NGNlYWRmMThmN2VmZTM4NjBiMGZkYjZlMjdkNWE2YTdhZTcxZjp7fQ==','2014-09-29 01:52:44'),('gkrw8vibebzrh1o44vc41olrfj2duzib','ZWU4NGNlYWRmMThmN2VmZTM4NjBiMGZkYjZlMjdkNWE2YTdhZTcxZjp7fQ==','2014-09-30 01:47:09'),('gm9f0mnfiso4am5m18ems1q0s4jyj7k0','ZWU4NGNlYWRmMThmN2VmZTM4NjBiMGZkYjZlMjdkNWE2YTdhZTcxZjp7fQ==','2014-09-29 03:19:17'),('gmyzd9b3q4qvualboih7p7y1zba3o192','ZWU4NGNlYWRmMThmN2VmZTM4NjBiMGZkYjZlMjdkNWE2YTdhZTcxZjp7fQ==','2014-09-30 01:40:19'),('gniywy3ohci7np2otllmiqiukjdklp3n','OWE5NTZhOGVkY2E5ZjNmYmYxZjRjYzU1ZTJmZWRkNmVjZTkxZmM3ZDp7InVzZXJuYW1lIjoidXNlcjMifQ==','2014-09-30 01:36:35'),('gono45u4mrsklbzj0wvkynb8mkwbw7aw','ZWU4NGNlYWRmMThmN2VmZTM4NjBiMGZkYjZlMjdkNWE2YTdhZTcxZjp7fQ==','2014-09-30 01:20:11'),('gpfdx3bgiuvit3e7l66zf7ennbm23yut','ZWU4NGNlYWRmMThmN2VmZTM4NjBiMGZkYjZlMjdkNWE2YTdhZTcxZjp7fQ==','2014-09-30 01:16:51'),('gqf4u0thmhgkfmwtz11aa8vro3fulvbv','ZWU4NGNlYWRmMThmN2VmZTM4NjBiMGZkYjZlMjdkNWE2YTdhZTcxZjp7fQ==','2014-09-29 18:56:14'),('gsk8cozac9y75ao70idj42q1tfj8woqb','ZjFjZDc1OGI5NTZkMzRmNjY4NTY4ODBkN2E0MGJjYzVjOGZhNDZlMTp7InVzZXJuYW1lIjoidXNlcjEifQ==','2014-09-30 01:46:18'),('gt98bsh4wanbfs04pzw1gloop3ioy618','ZWU4NGNlYWRmMThmN2VmZTM4NjBiMGZkYjZlMjdkNWE2YTdhZTcxZjp7fQ==','2014-09-30 01:47:11'),('guhuzy3gvo6jmv5bjmz1k5l733f9ncxn','ZWU4NGNlYWRmMThmN2VmZTM4NjBiMGZkYjZlMjdkNWE2YTdhZTcxZjp7fQ==','2014-09-28 04:19:25'),('guw356i6hger3e5bxs26k0r48icxs688','ZWU4NGNlYWRmMThmN2VmZTM4NjBiMGZkYjZlMjdkNWE2YTdhZTcxZjp7fQ==','2014-09-29 18:55:40'),('gvejfm5qvpcmep3um88zp428gea8k7pg','ZWU4NGNlYWRmMThmN2VmZTM4NjBiMGZkYjZlMjdkNWE2YTdhZTcxZjp7fQ==','2014-09-29 03:22:31'),('gvppuqsu8w6025wsv323w4l714b9e5hg','ZWU4NGNlYWRmMThmN2VmZTM4NjBiMGZkYjZlMjdkNWE2YTdhZTcxZjp7fQ==','2014-09-30 02:14:38'),('gvt2a25wlbq0y22zthrosyp6mclwzmd7','ZWU4NGNlYWRmMThmN2VmZTM4NjBiMGZkYjZlMjdkNWE2YTdhZTcxZjp7fQ==','2014-09-29 03:19:21'),('gvwp2ypvx8bnrvxdsb262cu1kbm2gz91','ZjFjZDc1OGI5NTZkMzRmNjY4NTY4ODBkN2E0MGJjYzVjOGZhNDZlMTp7InVzZXJuYW1lIjoidXNlcjEifQ==','2014-09-30 01:46:17'),('gwumg1o4vnluod6u5ak5tcjygelz6sdc','ZWU4NGNlYWRmMThmN2VmZTM4NjBiMGZkYjZlMjdkNWE2YTdhZTcxZjp7fQ==','2014-09-30 01:21:32'),('gxt39dhh8rgt60nflpcjfy275oavkg33','ZjFjZDc1OGI5NTZkMzRmNjY4NTY4ODBkN2E0MGJjYzVjOGZhNDZlMTp7InVzZXJuYW1lIjoidXNlcjEifQ==','2014-09-30 01:33:14'),('gy7hzteaava32k8x48k15sw7gtxyzg7j','ZWU4NGNlYWRmMThmN2VmZTM4NjBiMGZkYjZlMjdkNWE2YTdhZTcxZjp7fQ==','2014-10-01 01:14:17'),('gyhekjlo766n8l3i0zhly2xhyzubw7ai','ZWU4NGNlYWRmMThmN2VmZTM4NjBiMGZkYjZlMjdkNWE2YTdhZTcxZjp7fQ==','2014-09-29 03:19:53'),('gzdxgnu0n3xmg244orsp0vobelf67om9','ZWU4NGNlYWRmMThmN2VmZTM4NjBiMGZkYjZlMjdkNWE2YTdhZTcxZjp7fQ==','2014-09-29 03:22:37'),('gzmnofxtzbdhwttlt6kpprlowt6ju54n','ZWU4NGNlYWRmMThmN2VmZTM4NjBiMGZkYjZlMjdkNWE2YTdhZTcxZjp7fQ==','2014-09-28 04:20:11'),('h02epm5thzamkqa013um9cafbqtw0ptn','ZWU4NGNlYWRmMThmN2VmZTM4NjBiMGZkYjZlMjdkNWE2YTdhZTcxZjp7fQ==','2014-09-29 19:22:11'),('h1ezsvc10wqbeulmk51fs0hia2ejviri','ZWU4NGNlYWRmMThmN2VmZTM4NjBiMGZkYjZlMjdkNWE2YTdhZTcxZjp7fQ==','2014-09-29 18:56:09'),('h2i2i1nq39frq7o83mv8w4f24xpvmxi7','ZWU4NGNlYWRmMThmN2VmZTM4NjBiMGZkYjZlMjdkNWE2YTdhZTcxZjp7fQ==','2014-09-29 01:53:19'),('h5lebzj10a4cal7clztxr4w10mpbo096','ZWU4NGNlYWRmMThmN2VmZTM4NjBiMGZkYjZlMjdkNWE2YTdhZTcxZjp7fQ==','2014-09-29 03:19:14'),('h5x3mypzvdq6wjts2yjqzue10mhgydg0','ZWU4NGNlYWRmMThmN2VmZTM4NjBiMGZkYjZlMjdkNWE2YTdhZTcxZjp7fQ==','2014-09-29 03:22:57'),('h604gwpj3w3t69bjbv5051yfuabpitur','ZWU4NGNlYWRmMThmN2VmZTM4NjBiMGZkYjZlMjdkNWE2YTdhZTcxZjp7fQ==','2014-10-01 00:51:15'),('h62itz80ah8j9pf3oxo2xi0nvn466it6','OWE5NTZhOGVkY2E5ZjNmYmYxZjRjYzU1ZTJmZWRkNmVjZTkxZmM3ZDp7InVzZXJuYW1lIjoidXNlcjMifQ==','2014-09-29 03:24:57'),('h7ai6af9fibrgzi0wl7xq4yqm20w1orr','ZWU4NGNlYWRmMThmN2VmZTM4NjBiMGZkYjZlMjdkNWE2YTdhZTcxZjp7fQ==','2014-09-28 04:18:02'),('h8s81yo20drn3ptyy4xxa39cgbgftv8v','ZWU4NGNlYWRmMThmN2VmZTM4NjBiMGZkYjZlMjdkNWE2YTdhZTcxZjp7fQ==','2014-09-29 03:28:02'),('h95aggt6w26zeh8sfar3xatj1lucu9gv','ZWU4NGNlYWRmMThmN2VmZTM4NjBiMGZkYjZlMjdkNWE2YTdhZTcxZjp7fQ==','2014-09-30 01:38:32'),('hbh4lhzubhyh6v0ouzq3q8p8vcta8svf','ZWU4NGNlYWRmMThmN2VmZTM4NjBiMGZkYjZlMjdkNWE2YTdhZTcxZjp7fQ==','2014-09-30 01:20:14'),('hd3hu82p1eiewx9ifbh3m83gh79npmqe','ZWU4NGNlYWRmMThmN2VmZTM4NjBiMGZkYjZlMjdkNWE2YTdhZTcxZjp7fQ==','2014-09-29 03:08:58'),('hfyrnczgcmi9l76n5bu4ks88frrwzmb9','ZWU4NGNlYWRmMThmN2VmZTM4NjBiMGZkYjZlMjdkNWE2YTdhZTcxZjp7fQ==','2014-09-30 01:18:29'),('hhm8qrkxzgktxwbw193q3l5f0e1yfk6o','MmE4YmRmY2ZjNWFlNjQzZmJiNGM3MzAzZmNmOWU3YjA3NzhkNGU3NDp7InVzZXJuYW1lIjoidXNlcjMifQ==','2014-10-01 04:54:47'),('hitqkvcdzlstyqd2yz24395nd32h29r9','OWE5NTZhOGVkY2E5ZjNmYmYxZjRjYzU1ZTJmZWRkNmVjZTkxZmM3ZDp7InVzZXJuYW1lIjoidXNlcjMifQ==','2014-09-30 01:56:05'),('hkz2dk3evzs8te8d1eiy1voxwa30pvu4','ZWU4NGNlYWRmMThmN2VmZTM4NjBiMGZkYjZlMjdkNWE2YTdhZTcxZjp7fQ==','2014-09-28 04:18:02'),('hlgz2c6ndfv20zfgkpfkmft40j1jy4pa','OWE5NTZhOGVkY2E5ZjNmYmYxZjRjYzU1ZTJmZWRkNmVjZTkxZmM3ZDp7InVzZXJuYW1lIjoidXNlcjMifQ==','2014-09-29 02:19:20'),('hm1348c5nnr65c6gmfztx1sp8ox9p84g','OWE5NTZhOGVkY2E5ZjNmYmYxZjRjYzU1ZTJmZWRkNmVjZTkxZmM3ZDp7InVzZXJuYW1lIjoidXNlcjMifQ==','2014-09-30 01:49:50'),('hnrtibyht86nuzpap7v0ts6x5ybpn25g','ZWU4NGNlYWRmMThmN2VmZTM4NjBiMGZkYjZlMjdkNWE2YTdhZTcxZjp7fQ==','2014-09-29 02:11:20'),('honcg3jwzi15f9kohgofgdnnufv81jms','ZWU4NGNlYWRmMThmN2VmZTM4NjBiMGZkYjZlMjdkNWE2YTdhZTcxZjp7fQ==','2014-09-29 03:08:53'),('hpf562wlkwc8ik136tb8zi6hvku06155','ZWU4NGNlYWRmMThmN2VmZTM4NjBiMGZkYjZlMjdkNWE2YTdhZTcxZjp7fQ==','2014-09-30 01:40:19'),('hr3xir55jk3o9le4kvws0yvqy4wngrf4','ZWU4NGNlYWRmMThmN2VmZTM4NjBiMGZkYjZlMjdkNWE2YTdhZTcxZjp7fQ==','2014-09-30 01:37:53'),('hrfh0csboh5udhtu4wcr0l2qslu8jveq','OWE5NTZhOGVkY2E5ZjNmYmYxZjRjYzU1ZTJmZWRkNmVjZTkxZmM3ZDp7InVzZXJuYW1lIjoidXNlcjMifQ==','2014-09-29 03:15:28'),('hrxsb5qczu5e25gikjc0bf0l40l26sbm','ZWU4NGNlYWRmMThmN2VmZTM4NjBiMGZkYjZlMjdkNWE2YTdhZTcxZjp7fQ==','2014-09-29 03:19:17'),('hrytiu8qwg6vcllzpy3ehaun047o7wzi','ZWU4NGNlYWRmMThmN2VmZTM4NjBiMGZkYjZlMjdkNWE2YTdhZTcxZjp7fQ==','2014-09-29 01:04:08'),('hua5xp9b0n6vevftow339on894cx2b3a','ZWU4NGNlYWRmMThmN2VmZTM4NjBiMGZkYjZlMjdkNWE2YTdhZTcxZjp7fQ==','2014-09-29 03:21:15'),('hvlueox4o8ugyldkgogbyzc0ru1mppu9','ZWU4NGNlYWRmMThmN2VmZTM4NjBiMGZkYjZlMjdkNWE2YTdhZTcxZjp7fQ==','2014-09-30 01:36:13'),('hxka8b3kdzzxr9n3a8bwpxool4ufa023','ZWU4NGNlYWRmMThmN2VmZTM4NjBiMGZkYjZlMjdkNWE2YTdhZTcxZjp7fQ==','2014-09-29 03:28:00'),('i0xgfe7jd7ht2780dp1amk9xriddbykb','ZWU4NGNlYWRmMThmN2VmZTM4NjBiMGZkYjZlMjdkNWE2YTdhZTcxZjp7fQ==','2014-09-30 01:34:56'),('i22jylf0q0yfjur9tj8zhe3op59sgueo','OWE5NTZhOGVkY2E5ZjNmYmYxZjRjYzU1ZTJmZWRkNmVjZTkxZmM3ZDp7InVzZXJuYW1lIjoidXNlcjMifQ==','2014-09-30 01:49:49'),('i2japbdfytnmedcxuvkmfqs0zmy58sz3','OWE5NTZhOGVkY2E5ZjNmYmYxZjRjYzU1ZTJmZWRkNmVjZTkxZmM3ZDp7InVzZXJuYW1lIjoidXNlcjMifQ==','2014-09-29 03:14:30'),('i3n255dmwc7f10ood57volkmltddeehu','ZWU4NGNlYWRmMThmN2VmZTM4NjBiMGZkYjZlMjdkNWE2YTdhZTcxZjp7fQ==','2014-09-29 03:19:19'),('i4dwq96bzgzk0ysf2zd7clzxxdamqhra','ZjFjZDc1OGI5NTZkMzRmNjY4NTY4ODBkN2E0MGJjYzVjOGZhNDZlMTp7InVzZXJuYW1lIjoidXNlcjEifQ==','2014-09-30 01:34:41'),('i5ypxw8c94tm2gajbvd3elpypdbviz9b','ZWU4NGNlYWRmMThmN2VmZTM4NjBiMGZkYjZlMjdkNWE2YTdhZTcxZjp7fQ==','2014-09-30 01:22:19'),('i7p8t9hwn6cp1nfcy42d58285qptnxb1','ZWU4NGNlYWRmMThmN2VmZTM4NjBiMGZkYjZlMjdkNWE2YTdhZTcxZjp7fQ==','2014-09-29 01:53:28'),('i8ovqjsv7cn3bm586y7jbvzmzgozdkbo','ZWU4NGNlYWRmMThmN2VmZTM4NjBiMGZkYjZlMjdkNWE2YTdhZTcxZjp7fQ==','2014-09-30 01:14:53'),('i9c5unv8ugjicd8je5qegbcevgfj26vj','ZWU4NGNlYWRmMThmN2VmZTM4NjBiMGZkYjZlMjdkNWE2YTdhZTcxZjp7fQ==','2014-09-30 01:50:47'),('ia3rgifbew8umc82zmsn17rmgb6b84up','ZWU4NGNlYWRmMThmN2VmZTM4NjBiMGZkYjZlMjdkNWE2YTdhZTcxZjp7fQ==','2014-09-30 01:16:18'),('iajvu8hj6taaye28fbc3yetxz28baggz','ZWU4NGNlYWRmMThmN2VmZTM4NjBiMGZkYjZlMjdkNWE2YTdhZTcxZjp7fQ==','2014-09-30 01:18:29'),('ic75e9fizzcxmxvx37y32urjhuwejqjx','ZWU4NGNlYWRmMThmN2VmZTM4NjBiMGZkYjZlMjdkNWE2YTdhZTcxZjp7fQ==','2014-09-29 01:55:15'),('idfqaxqcnavs2b0pz9pmsueyotc7wpxt','ZWU4NGNlYWRmMThmN2VmZTM4NjBiMGZkYjZlMjdkNWE2YTdhZTcxZjp7fQ==','2014-09-30 03:13:52'),('ievgcq8cij00a0kvpus2tcke6xa4yttb','OWE5NTZhOGVkY2E5ZjNmYmYxZjRjYzU1ZTJmZWRkNmVjZTkxZmM3ZDp7InVzZXJuYW1lIjoidXNlcjMifQ==','2014-09-29 05:11:29'),('if4iammareik1l67yvtyilzf2p1lqeyb','ZWU4NGNlYWRmMThmN2VmZTM4NjBiMGZkYjZlMjdkNWE2YTdhZTcxZjp7fQ==','2014-09-29 02:07:52'),('igdgjsl6t7jr489ohislil0awt6z7to0','OWE5NTZhOGVkY2E5ZjNmYmYxZjRjYzU1ZTJmZWRkNmVjZTkxZmM3ZDp7InVzZXJuYW1lIjoidXNlcjMifQ==','2014-09-29 03:13:59'),('ikf42exr24j2tsuewcrfj03sc233fe9o','ZWU4NGNlYWRmMThmN2VmZTM4NjBiMGZkYjZlMjdkNWE2YTdhZTcxZjp7fQ==','2014-09-30 01:20:11'),('irp80mq3cpygr7ngt49wq6psnargadcd','OWE5NTZhOGVkY2E5ZjNmYmYxZjRjYzU1ZTJmZWRkNmVjZTkxZmM3ZDp7InVzZXJuYW1lIjoidXNlcjMifQ==','2014-09-29 18:16:20'),('iskppw4a33nnm25xnisxjzwilh9sh8r0','OWE5NTZhOGVkY2E5ZjNmYmYxZjRjYzU1ZTJmZWRkNmVjZTkxZmM3ZDp7InVzZXJuYW1lIjoidXNlcjMifQ==','2014-09-29 19:30:04'),('isu4838p70mtvtvx04nkt3d9i0rzfaoe','ZWU4NGNlYWRmMThmN2VmZTM4NjBiMGZkYjZlMjdkNWE2YTdhZTcxZjp7fQ==','2014-10-01 01:47:24'),('itcfp1z5j2vnmjhu4ymxgejusiko0j6z','ZWU4NGNlYWRmMThmN2VmZTM4NjBiMGZkYjZlMjdkNWE2YTdhZTcxZjp7fQ==','2014-09-29 03:26:30'),('ivzvlxxz8qss2nly9ksvksv82qc25bmy','ZWU4NGNlYWRmMThmN2VmZTM4NjBiMGZkYjZlMjdkNWE2YTdhZTcxZjp7fQ==','2014-09-30 01:47:06'),('ix31bd7mbcf9bqci28azx9b7h12sybz6','ZWU4NGNlYWRmMThmN2VmZTM4NjBiMGZkYjZlMjdkNWE2YTdhZTcxZjp7fQ==','2014-09-29 01:55:02'),('iyshhkae7runuamgkp9vpahaxmw7u8ou','ZWU4NGNlYWRmMThmN2VmZTM4NjBiMGZkYjZlMjdkNWE2YTdhZTcxZjp7fQ==','2014-09-28 04:19:04'),('iz27p8d2gwvlff1sat9rpbd8j243oxcy','ZWU4NGNlYWRmMThmN2VmZTM4NjBiMGZkYjZlMjdkNWE2YTdhZTcxZjp7fQ==','2014-09-28 05:07:33'),('iztwh1r7so0tu1or6676w3tepdhdpmaj','ZWU4NGNlYWRmMThmN2VmZTM4NjBiMGZkYjZlMjdkNWE2YTdhZTcxZjp7fQ==','2014-09-28 05:16:48'),('izwv0q6jfco908ecqm2tj1ez6igwcvcj','ZWU4NGNlYWRmMThmN2VmZTM4NjBiMGZkYjZlMjdkNWE2YTdhZTcxZjp7fQ==','2014-09-30 01:16:16'),('j1g534wcpf2mza2b3n2jos8r9vbgg2mi','ZWU4NGNlYWRmMThmN2VmZTM4NjBiMGZkYjZlMjdkNWE2YTdhZTcxZjp7fQ==','2014-09-30 01:37:13'),('j1zcrvybz7zp9wsgjjxn3l0o8ytsd5rf','ZWU4NGNlYWRmMThmN2VmZTM4NjBiMGZkYjZlMjdkNWE2YTdhZTcxZjp7fQ==','2014-09-29 02:17:53'),('j2cewrz6ykczduj4ifquvcyhj3r5jgx7','ZWU4NGNlYWRmMThmN2VmZTM4NjBiMGZkYjZlMjdkNWE2YTdhZTcxZjp7fQ==','2014-09-29 18:50:17'),('j4svussgnbuamuv8d5gyrjptn2h4i9zz','ZWU4NGNlYWRmMThmN2VmZTM4NjBiMGZkYjZlMjdkNWE2YTdhZTcxZjp7fQ==','2014-09-30 01:18:27'),('j6jand2njs7dkefeyqfo8gfpem6ie9ap','ZWU4NGNlYWRmMThmN2VmZTM4NjBiMGZkYjZlMjdkNWE2YTdhZTcxZjp7fQ==','2014-09-29 03:18:24'),('j8zsmn8xmn229lodxzfnxypcy935791w','ZWU4NGNlYWRmMThmN2VmZTM4NjBiMGZkYjZlMjdkNWE2YTdhZTcxZjp7fQ==','2014-09-29 18:46:56'),('j9g2vqae895f7uvj19r4wapk3e3vuwto','ZWU4NGNlYWRmMThmN2VmZTM4NjBiMGZkYjZlMjdkNWE2YTdhZTcxZjp7fQ==','2014-09-29 03:26:30'),('ja56qp6axutdmk92uy3sgvl2p6jehphc','ZWU4NGNlYWRmMThmN2VmZTM4NjBiMGZkYjZlMjdkNWE2YTdhZTcxZjp7fQ==','2014-09-30 01:47:06'),('jdq8r6e2g4j3i7vwc1a1qzx0ci5wh6yk','OWE5NTZhOGVkY2E5ZjNmYmYxZjRjYzU1ZTJmZWRkNmVjZTkxZmM3ZDp7InVzZXJuYW1lIjoidXNlcjMifQ==','2014-09-30 03:18:42'),('jevapm6ig5m98ngnkkeukrdlq8gh1i1h','ZWU4NGNlYWRmMThmN2VmZTM4NjBiMGZkYjZlMjdkNWE2YTdhZTcxZjp7fQ==','2014-09-29 01:20:24'),('jjr4gcw502n9y1v85f822atsqz72r6nc','OWE5NTZhOGVkY2E5ZjNmYmYxZjRjYzU1ZTJmZWRkNmVjZTkxZmM3ZDp7InVzZXJuYW1lIjoidXNlcjMifQ==','2014-09-29 03:35:51'),('jkhlr4fqydwkas8geug9tfwzo999w7g3','OWE5NTZhOGVkY2E5ZjNmYmYxZjRjYzU1ZTJmZWRkNmVjZTkxZmM3ZDp7InVzZXJuYW1lIjoidXNlcjMifQ==','2014-09-30 03:14:17'),('jkz95zn4zvi7ojfh3gmgxo69mikyztix','ZWU4NGNlYWRmMThmN2VmZTM4NjBiMGZkYjZlMjdkNWE2YTdhZTcxZjp7fQ==','2014-09-28 04:11:52'),('jnervx6qbfpn1xgsb7b9el8u4bg07ktg','MmE4YmRmY2ZjNWFlNjQzZmJiNGM3MzAzZmNmOWU3YjA3NzhkNGU3NDp7InVzZXJuYW1lIjoidXNlcjMifQ==','2014-10-01 05:59:35'),('jqrlmivbjojs5fnpq7zzr2gsxr9npshm','ZWU4NGNlYWRmMThmN2VmZTM4NjBiMGZkYjZlMjdkNWE2YTdhZTcxZjp7fQ==','2014-09-28 04:15:34'),('jrzr9xz5uyvbx4r4hh7c03txoz1wgeip','ZWU4NGNlYWRmMThmN2VmZTM4NjBiMGZkYjZlMjdkNWE2YTdhZTcxZjp7fQ==','2014-09-29 03:21:15'),('js3h9307t7urijpmrukuuu0mxt6nnwv2','ZWU4NGNlYWRmMThmN2VmZTM4NjBiMGZkYjZlMjdkNWE2YTdhZTcxZjp7fQ==','2014-09-29 18:55:39'),('jv8qq60fc5dnurxtm0mkwb64tu4dwec4','ZWU4NGNlYWRmMThmN2VmZTM4NjBiMGZkYjZlMjdkNWE2YTdhZTcxZjp7fQ==','2014-09-30 01:34:55'),('jw8z7vew53n94ayh6av79k15zs4m0gnn','MmE4YmRmY2ZjNWFlNjQzZmJiNGM3MzAzZmNmOWU3YjA3NzhkNGU3NDp7InVzZXJuYW1lIjoidXNlcjMifQ==','2014-10-01 05:17:41'),('jy0y2tdm4zuyoeh52299hhz3a91qzvdj','ZWU4NGNlYWRmMThmN2VmZTM4NjBiMGZkYjZlMjdkNWE2YTdhZTcxZjp7fQ==','2014-10-01 01:52:47'),('jyady4el9ftybmskstppv5tyftfiwwnm','ZWU4NGNlYWRmMThmN2VmZTM4NjBiMGZkYjZlMjdkNWE2YTdhZTcxZjp7fQ==','2014-09-29 03:19:14'),('jykgr92hipfrpyw4v6izwjfwwgrd79lx','OWE5NTZhOGVkY2E5ZjNmYmYxZjRjYzU1ZTJmZWRkNmVjZTkxZmM3ZDp7InVzZXJuYW1lIjoidXNlcjMifQ==','2014-09-29 03:23:58'),('jynzfom74ny8zuug5cdses7nw60t347o','OWE5NTZhOGVkY2E5ZjNmYmYxZjRjYzU1ZTJmZWRkNmVjZTkxZmM3ZDp7InVzZXJuYW1lIjoidXNlcjMifQ==','2014-10-01 01:36:42'),('jyq4nz1cejfagu1gtdsm9xhccyfjmrvt','ZWU4NGNlYWRmMThmN2VmZTM4NjBiMGZkYjZlMjdkNWE2YTdhZTcxZjp7fQ==','2014-09-29 03:14:36'),('k145zud00outo6v46obesrp8r43rb10l','ZWU4NGNlYWRmMThmN2VmZTM4NjBiMGZkYjZlMjdkNWE2YTdhZTcxZjp7fQ==','2014-09-29 03:19:19'),('k1j9ky23xr2br0wfyf3igy6y2bg4f0vd','ZWU4NGNlYWRmMThmN2VmZTM4NjBiMGZkYjZlMjdkNWE2YTdhZTcxZjp7fQ==','2014-09-28 04:18:27'),('k4traqvjibci2xuou9eh1ebgqdh9hr7t','ZWU4NGNlYWRmMThmN2VmZTM4NjBiMGZkYjZlMjdkNWE2YTdhZTcxZjp7fQ==','2014-09-30 01:37:22'),('k5e409y68oiou82dbtemkevf0xm95o9c','ZjFjZDc1OGI5NTZkMzRmNjY4NTY4ODBkN2E0MGJjYzVjOGZhNDZlMTp7InVzZXJuYW1lIjoidXNlcjEifQ==','2014-09-30 01:33:14'),('k6jgcbawgx6cfggvzdvw8vpf4w62n0e7','ZWU4NGNlYWRmMThmN2VmZTM4NjBiMGZkYjZlMjdkNWE2YTdhZTcxZjp7fQ==','2014-09-28 04:20:11'),('k7a711y2f62llnphp6qku3rij6zyb9qs','ZWU4NGNlYWRmMThmN2VmZTM4NjBiMGZkYjZlMjdkNWE2YTdhZTcxZjp7fQ==','2014-09-29 01:02:00'),('k8lfwru6us9a93b6tiyibdjhbyfndsfn','ZWU4NGNlYWRmMThmN2VmZTM4NjBiMGZkYjZlMjdkNWE2YTdhZTcxZjp7fQ==','2014-09-30 01:22:00'),('k8xdkfhnpuo02fxmyq18c5p25h3fmlxb','ZWU4NGNlYWRmMThmN2VmZTM4NjBiMGZkYjZlMjdkNWE2YTdhZTcxZjp7fQ==','2014-09-30 01:16:06'),('kaqjchuz7v7e77j4h012drq2seubz4yb','ZWU4NGNlYWRmMThmN2VmZTM4NjBiMGZkYjZlMjdkNWE2YTdhZTcxZjp7fQ==','2014-09-30 01:20:31'),('kdbhfcsotd4ngy02bij6klrp3tqfewwn','ZjFjZDc1OGI5NTZkMzRmNjY4NTY4ODBkN2E0MGJjYzVjOGZhNDZlMTp7InVzZXJuYW1lIjoidXNlcjEifQ==','2014-09-30 01:20:06'),('kfv4nfl4k1xak74v8hhzdcnug8prla9h','ZWU4NGNlYWRmMThmN2VmZTM4NjBiMGZkYjZlMjdkNWE2YTdhZTcxZjp7fQ==','2014-09-29 03:08:50'),('kfvdn315q2tl260inc2hveug8h8ioyx4','ZWU4NGNlYWRmMThmN2VmZTM4NjBiMGZkYjZlMjdkNWE2YTdhZTcxZjp7fQ==','2014-09-30 01:34:58'),('kg6b6wpb2kwzopmbujct9legsrx352j1','OWE5NTZhOGVkY2E5ZjNmYmYxZjRjYzU1ZTJmZWRkNmVjZTkxZmM3ZDp7InVzZXJuYW1lIjoidXNlcjMifQ==','2014-09-30 02:09:57'),('kgife3sswnjzapq1d91fx3m267yrk4j3','ZWU4NGNlYWRmMThmN2VmZTM4NjBiMGZkYjZlMjdkNWE2YTdhZTcxZjp7fQ==','2014-09-29 01:53:13'),('kgrs4jhphi51kw4xwnu9wuvlcoq6uax0','ZWU4NGNlYWRmMThmN2VmZTM4NjBiMGZkYjZlMjdkNWE2YTdhZTcxZjp7fQ==','2014-09-30 01:40:19'),('kj3v8tpkh8cubz54ppk79xutxaq8x2zo','OWE5NTZhOGVkY2E5ZjNmYmYxZjRjYzU1ZTJmZWRkNmVjZTkxZmM3ZDp7InVzZXJuYW1lIjoidXNlcjMifQ==','2014-09-29 03:20:32'),('kjc2havblkpfq8wbrcu92weaae2zjuzo','ZWU4NGNlYWRmMThmN2VmZTM4NjBiMGZkYjZlMjdkNWE2YTdhZTcxZjp7fQ==','2014-09-30 01:22:11'),('kk2m4rjhih1rh3x3pozr0cjf2iei46y9','MmE4YmRmY2ZjNWFlNjQzZmJiNGM3MzAzZmNmOWU3YjA3NzhkNGU3NDp7InVzZXJuYW1lIjoidXNlcjMifQ==','2014-10-01 05:21:26'),('kkm5zeet22jdjiyxgr22xdnpn5c1nx1a','ZWU4NGNlYWRmMThmN2VmZTM4NjBiMGZkYjZlMjdkNWE2YTdhZTcxZjp7fQ==','2014-09-29 19:22:07'),('kl5ayll9yd9gi64nyw6t7tvhf95sehj1','ZWU4NGNlYWRmMThmN2VmZTM4NjBiMGZkYjZlMjdkNWE2YTdhZTcxZjp7fQ==','2014-09-28 05:09:33'),('klz1rcr7jyl8nu8e20iy0i8phz8h21nn','OWE5NTZhOGVkY2E5ZjNmYmYxZjRjYzU1ZTJmZWRkNmVjZTkxZmM3ZDp7InVzZXJuYW1lIjoidXNlcjMifQ==','2014-09-29 03:24:53'),('knijco5vsx1kv4du3mlcscm3gof08xxw','ZWU4NGNlYWRmMThmN2VmZTM4NjBiMGZkYjZlMjdkNWE2YTdhZTcxZjp7fQ==','2014-09-29 03:08:49'),('koiyzgr208pnqmmf9e1k51hst6vvvpa7','ZWU4NGNlYWRmMThmN2VmZTM4NjBiMGZkYjZlMjdkNWE2YTdhZTcxZjp7fQ==','2014-09-30 01:59:37'),('kpssgxbokjw4kzioxv474lzo2fygw8a1','ZWU4NGNlYWRmMThmN2VmZTM4NjBiMGZkYjZlMjdkNWE2YTdhZTcxZjp7fQ==','2014-09-30 01:16:18'),('kqt7ncreb4u1hl74dmdezdmxj2korp8s','ZWU4NGNlYWRmMThmN2VmZTM4NjBiMGZkYjZlMjdkNWE2YTdhZTcxZjp7fQ==','2014-09-30 01:22:44'),('krqmns5rfgg67x6544y0hdut0qqc7zw5','ZWU4NGNlYWRmMThmN2VmZTM4NjBiMGZkYjZlMjdkNWE2YTdhZTcxZjp7fQ==','2014-09-29 18:56:09'),('kt8r3qkmk2ud29c5v5u7ktjdduszsegw','ZWU4NGNlYWRmMThmN2VmZTM4NjBiMGZkYjZlMjdkNWE2YTdhZTcxZjp7fQ==','2014-09-30 01:16:48'),('kto94lzkby8k2chia8ua8xz4wdmavc4n','ZWU4NGNlYWRmMThmN2VmZTM4NjBiMGZkYjZlMjdkNWE2YTdhZTcxZjp7fQ==','2014-09-29 03:19:21'),('kwrns0ec3i96x8ldu0wrx6shrtmfxwdd','ZWU4NGNlYWRmMThmN2VmZTM4NjBiMGZkYjZlMjdkNWE2YTdhZTcxZjp7fQ==','2014-09-29 02:07:52'),('kxfn037foxye3n4hyjjgjcatsfh8t0a0','ZWU4NGNlYWRmMThmN2VmZTM4NjBiMGZkYjZlMjdkNWE2YTdhZTcxZjp7fQ==','2014-09-30 02:14:36'),('kybdkwilsrvkcqiefs2us0chrh5v022h','ZWU4NGNlYWRmMThmN2VmZTM4NjBiMGZkYjZlMjdkNWE2YTdhZTcxZjp7fQ==','2014-09-28 04:18:27'),('l088g2cmib8x755xtpazjya7jot9eocm','ZWU4NGNlYWRmMThmN2VmZTM4NjBiMGZkYjZlMjdkNWE2YTdhZTcxZjp7fQ==','2014-09-29 18:55:39'),('l0j318oiub7nrfmm6mlypt3ln2o055da','OWE5NTZhOGVkY2E5ZjNmYmYxZjRjYzU1ZTJmZWRkNmVjZTkxZmM3ZDp7InVzZXJuYW1lIjoidXNlcjMifQ==','2014-09-30 01:49:50'),('l14lpqutj1xvyso26h7801mwssx8c7up','ZWU4NGNlYWRmMThmN2VmZTM4NjBiMGZkYjZlMjdkNWE2YTdhZTcxZjp7fQ==','2014-09-30 01:36:06'),('l2ohptvx21vqizs6thfwl870sql9hsoo','ZWU4NGNlYWRmMThmN2VmZTM4NjBiMGZkYjZlMjdkNWE2YTdhZTcxZjp7fQ==','2014-09-28 04:16:45'),('l2rcblm3ybw8cbdw2915adxmvg5cs99b','OWE5NTZhOGVkY2E5ZjNmYmYxZjRjYzU1ZTJmZWRkNmVjZTkxZmM3ZDp7InVzZXJuYW1lIjoidXNlcjMifQ==','2014-09-29 03:15:29'),('l6rxb8t2dl5tmfz6t0j9jktj8tkyhpup','ZWU4NGNlYWRmMThmN2VmZTM4NjBiMGZkYjZlMjdkNWE2YTdhZTcxZjp7fQ==','2014-09-30 01:14:33'),('l7f1sfa8e46rien7urs92jizhh2zxn66','ZWU4NGNlYWRmMThmN2VmZTM4NjBiMGZkYjZlMjdkNWE2YTdhZTcxZjp7fQ==','2014-09-29 01:52:39'),('lb12n37za8luwrx6f5bd1qgm55upcrva','ZWU4NGNlYWRmMThmN2VmZTM4NjBiMGZkYjZlMjdkNWE2YTdhZTcxZjp7fQ==','2014-09-29 03:31:28'),('lbsoqwv5q7l1rw4vquj7wya550vg7znc','ZWU4NGNlYWRmMThmN2VmZTM4NjBiMGZkYjZlMjdkNWE2YTdhZTcxZjp7fQ==','2014-09-29 03:08:54'),('le9v41cjcy7165yfshhsw5hb1erwn6qa','ZWU4NGNlYWRmMThmN2VmZTM4NjBiMGZkYjZlMjdkNWE2YTdhZTcxZjp7fQ==','2014-10-01 01:04:59'),('lep1vgao8zqd1q9mh3q4h0uc2aibgzw1','ZWU4NGNlYWRmMThmN2VmZTM4NjBiMGZkYjZlMjdkNWE2YTdhZTcxZjp7fQ==','2014-09-29 02:20:28'),('lfcgtufbobe7cnsfkdabng78t471qzp1','ZWU4NGNlYWRmMThmN2VmZTM4NjBiMGZkYjZlMjdkNWE2YTdhZTcxZjp7fQ==','2014-09-29 17:34:00'),('lgaml20wdjbvyx6gr7awn6c9xyzrtskl','ZWU4NGNlYWRmMThmN2VmZTM4NjBiMGZkYjZlMjdkNWE2YTdhZTcxZjp7fQ==','2014-09-30 01:36:10'),('lhgc1ccvio8mvwddbpq42ydn8kvi8alj','ZWU4NGNlYWRmMThmN2VmZTM4NjBiMGZkYjZlMjdkNWE2YTdhZTcxZjp7fQ==','2014-09-29 03:31:24'),('lhmd0m4jwx6fgu0137n9tie0r0w2zc9l','ZWU4NGNlYWRmMThmN2VmZTM4NjBiMGZkYjZlMjdkNWE2YTdhZTcxZjp7fQ==','2014-09-29 18:46:59'),('liax2iy6n5v7ta2ua8zwyycznujdfq87','ZWU4NGNlYWRmMThmN2VmZTM4NjBiMGZkYjZlMjdkNWE2YTdhZTcxZjp7fQ==','2014-09-29 01:05:58'),('llg7lkjo9zymn9tapjsoyl5pmd0r69ks','ZWU4NGNlYWRmMThmN2VmZTM4NjBiMGZkYjZlMjdkNWE2YTdhZTcxZjp7fQ==','2014-09-30 01:20:31'),('llmpr5cywuegy0lmaptfq05hkqjcn2d5','ZWU4NGNlYWRmMThmN2VmZTM4NjBiMGZkYjZlMjdkNWE2YTdhZTcxZjp7fQ==','2014-09-30 01:22:11'),('llv5hn4xcatlbtt5ba6k3kz19cb220n4','ZWU4NGNlYWRmMThmN2VmZTM4NjBiMGZkYjZlMjdkNWE2YTdhZTcxZjp7fQ==','2014-09-29 01:02:52'),('llz2trhob9pb1v6ltesizo3enjfl3moi','ZWU4NGNlYWRmMThmN2VmZTM4NjBiMGZkYjZlMjdkNWE2YTdhZTcxZjp7fQ==','2014-09-29 01:52:49'),('lqar1ea0wc011ftde89o39r0uc6a2pjq','OWE5NTZhOGVkY2E5ZjNmYmYxZjRjYzU1ZTJmZWRkNmVjZTkxZmM3ZDp7InVzZXJuYW1lIjoidXNlcjMifQ==','2014-09-29 03:14:28'),('lr4f9g2nb4tji8lv201wekujvs7l9lrw','ZWU4NGNlYWRmMThmN2VmZTM4NjBiMGZkYjZlMjdkNWE2YTdhZTcxZjp7fQ==','2014-09-29 18:55:40'),('lreyli1l24s5a9fsaiqwi0px263ftzx9','ZWU4NGNlYWRmMThmN2VmZTM4NjBiMGZkYjZlMjdkNWE2YTdhZTcxZjp7fQ==','2014-09-29 01:20:16'),('lsq86prscrmeglowupuvmo7p8h43mh69','ZWU4NGNlYWRmMThmN2VmZTM4NjBiMGZkYjZlMjdkNWE2YTdhZTcxZjp7fQ==','2014-09-29 01:53:20'),('lvysnlogbj70dz0etprnvkhpr3ui020u','ZWU4NGNlYWRmMThmN2VmZTM4NjBiMGZkYjZlMjdkNWE2YTdhZTcxZjp7fQ==','2014-09-29 02:11:22'),('lw18jzfynabegp2prezdtl5grwmjd0sr','ZWU4NGNlYWRmMThmN2VmZTM4NjBiMGZkYjZlMjdkNWE2YTdhZTcxZjp7fQ==','2014-09-29 03:15:08'),('lyohozv2or6o5klrpe9e0pi2fmk9w8bz','ZWU4NGNlYWRmMThmN2VmZTM4NjBiMGZkYjZlMjdkNWE2YTdhZTcxZjp7fQ==','2014-09-30 03:18:42'),('lytwfa8dnkip4bapl5n5r438frbiiqkp','OWE5NTZhOGVkY2E5ZjNmYmYxZjRjYzU1ZTJmZWRkNmVjZTkxZmM3ZDp7InVzZXJuYW1lIjoidXNlcjMifQ==','2014-09-29 03:14:29'),('lz1nfkgow521t41466qxzoisomnhilrv','ZWU4NGNlYWRmMThmN2VmZTM4NjBiMGZkYjZlMjdkNWE2YTdhZTcxZjp7fQ==','2014-09-30 01:36:13'),('m02hi65b9cgw8yrdnhq0dna6y9xun429','ZWU4NGNlYWRmMThmN2VmZTM4NjBiMGZkYjZlMjdkNWE2YTdhZTcxZjp7fQ==','2014-09-29 01:53:19'),('m2842oyys0hqy0l744hrjxwuctbq7lj1','ZWU4NGNlYWRmMThmN2VmZTM4NjBiMGZkYjZlMjdkNWE2YTdhZTcxZjp7fQ==','2014-09-29 01:55:01'),('m2w7fu3qbm63acuroybdolaio0qdkxb9','OWE5NTZhOGVkY2E5ZjNmYmYxZjRjYzU1ZTJmZWRkNmVjZTkxZmM3ZDp7InVzZXJuYW1lIjoidXNlcjMifQ==','2014-09-29 18:37:04'),('m3by8lf3tkxtjmvi0bng8be9z2f7qp0r','ZWU4NGNlYWRmMThmN2VmZTM4NjBiMGZkYjZlMjdkNWE2YTdhZTcxZjp7fQ==','2014-09-29 17:34:00'),('m3q18j45eaqy88b8gg5f8vf1spyolm4d','ZWU4NGNlYWRmMThmN2VmZTM4NjBiMGZkYjZlMjdkNWE2YTdhZTcxZjp7fQ==','2014-09-29 03:19:19'),('m3zqztekx367k2oat54htqiblmb9vdka','ZWU4NGNlYWRmMThmN2VmZTM4NjBiMGZkYjZlMjdkNWE2YTdhZTcxZjp7fQ==','2014-09-29 04:58:32'),('m5han7mjmqf6l0jy4jp69abhdnjltts2','ZWU4NGNlYWRmMThmN2VmZTM4NjBiMGZkYjZlMjdkNWE2YTdhZTcxZjp7fQ==','2014-09-29 01:02:03'),('m650a1dvqwotz6o3dn5xst67dsgxnacz','ZWU4NGNlYWRmMThmN2VmZTM4NjBiMGZkYjZlMjdkNWE2YTdhZTcxZjp7fQ==','2014-09-30 01:33:25'),('m6rlyy07haqz8nlx2e1kodponr8qplf1','ZWU4NGNlYWRmMThmN2VmZTM4NjBiMGZkYjZlMjdkNWE2YTdhZTcxZjp7fQ==','2014-09-30 01:14:33'),('ma45t91p6jpgdsidloscb999yjztrvw7','OWE5NTZhOGVkY2E5ZjNmYmYxZjRjYzU1ZTJmZWRkNmVjZTkxZmM3ZDp7InVzZXJuYW1lIjoidXNlcjMifQ==','2014-09-29 03:16:43'),('mai37j1qqnmvjtzqp7f9osyvqw35hnoe','ZWU4NGNlYWRmMThmN2VmZTM4NjBiMGZkYjZlMjdkNWE2YTdhZTcxZjp7fQ==','2014-09-29 04:08:45'),('mb6ufpld31upx2dl7na2fhlzyy5fgv6m','ZWU4NGNlYWRmMThmN2VmZTM4NjBiMGZkYjZlMjdkNWE2YTdhZTcxZjp7fQ==','2014-09-29 01:05:44'),('mb78gc2atq0efsqmi73xmyk49dmlaghx','MmM0YTcwMjFjNDRlZmI4NjQ5ZmFkZDVkZGVkOTUxZWFmNmYzNWZiZjp7InVzZXJuYW1lIjoidXNlcjQifQ==','2014-10-01 05:52:14'),('mbjgxd9i2dtfmi6dhkb1d86t7ng1tblp','OWE5NTZhOGVkY2E5ZjNmYmYxZjRjYzU1ZTJmZWRkNmVjZTkxZmM3ZDp7InVzZXJuYW1lIjoidXNlcjMifQ==','2014-09-29 03:23:52'),('mbmymf85ydnavpsichvjxrkgnexj9esl','ZWU4NGNlYWRmMThmN2VmZTM4NjBiMGZkYjZlMjdkNWE2YTdhZTcxZjp7fQ==','2014-09-30 01:53:29'),('mcehqrt9vy666eto9ahkmogcwqpk3q75','ZWU4NGNlYWRmMThmN2VmZTM4NjBiMGZkYjZlMjdkNWE2YTdhZTcxZjp7fQ==','2014-09-30 01:48:02'),('mcfkvotn1ltc1k3lozmosshvbhvvscnc','ZWU4NGNlYWRmMThmN2VmZTM4NjBiMGZkYjZlMjdkNWE2YTdhZTcxZjp7fQ==','2014-09-29 02:44:17'),('md9imm937d0pw6woxfnrdjwl4r258pbv','OWE5NTZhOGVkY2E5ZjNmYmYxZjRjYzU1ZTJmZWRkNmVjZTkxZmM3ZDp7InVzZXJuYW1lIjoidXNlcjMifQ==','2014-09-29 05:04:40'),('mdifq5ei7wgubi3dzul4g5ay85vylz9u','ZWU4NGNlYWRmMThmN2VmZTM4NjBiMGZkYjZlMjdkNWE2YTdhZTcxZjp7fQ==','2014-09-28 04:16:45'),('mdmtmdqf84o9vizlditvf3ix5z7nqyuf','ZWU4NGNlYWRmMThmN2VmZTM4NjBiMGZkYjZlMjdkNWE2YTdhZTcxZjp7fQ==','2014-10-01 01:39:54'),('mf28ftq3feq4d19hbw0y9pm5dgqd9ff9','ZjFjZDc1OGI5NTZkMzRmNjY4NTY4ODBkN2E0MGJjYzVjOGZhNDZlMTp7InVzZXJuYW1lIjoidXNlcjEifQ==','2014-09-30 01:41:09'),('mf65jli81e6aoqrpb4w4vzrfp76j0ame','ZWU4NGNlYWRmMThmN2VmZTM4NjBiMGZkYjZlMjdkNWE2YTdhZTcxZjp7fQ==','2014-09-30 03:17:48'),('mfjnpl7nqr1q1hpn5p305se623jledle','ZWU4NGNlYWRmMThmN2VmZTM4NjBiMGZkYjZlMjdkNWE2YTdhZTcxZjp7fQ==','2014-09-29 18:50:16'),('mfrlt9ht47tpsstm8ozhxpm58l3cpw35','ZWU4NGNlYWRmMThmN2VmZTM4NjBiMGZkYjZlMjdkNWE2YTdhZTcxZjp7fQ==','2014-09-30 01:21:22'),('mh7j8uddmtrzehpt0gdvnmj095hxgrwz','ZWU4NGNlYWRmMThmN2VmZTM4NjBiMGZkYjZlMjdkNWE2YTdhZTcxZjp7fQ==','2014-09-30 01:51:37'),('mhh0u124jpveoeirb5vnrrmrcb1aebb5','ZWU4NGNlYWRmMThmN2VmZTM4NjBiMGZkYjZlMjdkNWE2YTdhZTcxZjp7fQ==','2014-09-28 05:07:33'),('mi1ong5udq3vm2dq229ywtltp6e9mo0z','ZWU4NGNlYWRmMThmN2VmZTM4NjBiMGZkYjZlMjdkNWE2YTdhZTcxZjp7fQ==','2014-09-30 01:14:53'),('mizrnsgsq4a57ggamejg095s8e4uj6bx','ZWU4NGNlYWRmMThmN2VmZTM4NjBiMGZkYjZlMjdkNWE2YTdhZTcxZjp7fQ==','2014-09-28 04:10:58'),('mj5l37dyy41tigkmly17gzjjo5lwymgf','ZWU4NGNlYWRmMThmN2VmZTM4NjBiMGZkYjZlMjdkNWE2YTdhZTcxZjp7fQ==','2014-09-30 03:14:21'),('mkdkiirve4m25r3895ggf1iu9qoh0try','ZWU4NGNlYWRmMThmN2VmZTM4NjBiMGZkYjZlMjdkNWE2YTdhZTcxZjp7fQ==','2014-09-29 18:45:03'),('mkzhsajqn29brwqor97042xmqhp61mly','MmM0YTcwMjFjNDRlZmI4NjQ5ZmFkZDVkZGVkOTUxZWFmNmYzNWZiZjp7InVzZXJuYW1lIjoidXNlcjQifQ==','2014-10-01 05:52:14'),('mp2k8lohgd2jd91gihtkptxjwe5geonw','ZWU4NGNlYWRmMThmN2VmZTM4NjBiMGZkYjZlMjdkNWE2YTdhZTcxZjp7fQ==','2014-09-29 03:18:30'),('mpdz1vycgy2yqx14mf9a21gef8t0cj8i','ZWU4NGNlYWRmMThmN2VmZTM4NjBiMGZkYjZlMjdkNWE2YTdhZTcxZjp7fQ==','2014-10-01 01:19:45'),('mpzknac6dc2k2bmlppxy9j8d6419h403','ZWU4NGNlYWRmMThmN2VmZTM4NjBiMGZkYjZlMjdkNWE2YTdhZTcxZjp7fQ==','2014-09-30 01:34:58'),('mr14hb6krxnwb5q48ngyo3was47hfjxm','ZWU4NGNlYWRmMThmN2VmZTM4NjBiMGZkYjZlMjdkNWE2YTdhZTcxZjp7fQ==','2014-09-29 01:55:01'),('mre4miodxayw3tryftk09mgxjzmvhdck','OWE5NTZhOGVkY2E5ZjNmYmYxZjRjYzU1ZTJmZWRkNmVjZTkxZmM3ZDp7InVzZXJuYW1lIjoidXNlcjMifQ==','2014-09-29 17:42:37'),('mvy52j81vnwr3x8n2z747trz8kn5lw12','ZWU4NGNlYWRmMThmN2VmZTM4NjBiMGZkYjZlMjdkNWE2YTdhZTcxZjp7fQ==','2014-09-29 01:52:39'),('mw0lgwcclx94zscgkl2e05za81t0xwfx','ZWU4NGNlYWRmMThmN2VmZTM4NjBiMGZkYjZlMjdkNWE2YTdhZTcxZjp7fQ==','2014-09-30 01:22:12'),('mxs9dfpxmjf6b2cu692mms4yo2bhy952','ZWU4NGNlYWRmMThmN2VmZTM4NjBiMGZkYjZlMjdkNWE2YTdhZTcxZjp7fQ==','2014-09-30 01:22:02'),('mzl8j5hyraqzqpn9t0hv7gjx8vlvem3w','ZWU4NGNlYWRmMThmN2VmZTM4NjBiMGZkYjZlMjdkNWE2YTdhZTcxZjp7fQ==','2014-09-29 01:57:53'),('mzpngcomoqk8atpem9eopgub1vdcmvz3','ZWU4NGNlYWRmMThmN2VmZTM4NjBiMGZkYjZlMjdkNWE2YTdhZTcxZjp7fQ==','2014-09-30 01:37:25'),('mzs8afseje1gz6dcs7ht5ur2xnwdz56x','ZWU4NGNlYWRmMThmN2VmZTM4NjBiMGZkYjZlMjdkNWE2YTdhZTcxZjp7fQ==','2014-09-29 05:03:05'),('mztdyaf5tok7sjqfs7k9amzlu9vtrydy','ZWU4NGNlYWRmMThmN2VmZTM4NjBiMGZkYjZlMjdkNWE2YTdhZTcxZjp7fQ==','2014-09-30 01:22:53'),('n07xfye1xqmebg63hf5mankqqckmbdds','ZWU4NGNlYWRmMThmN2VmZTM4NjBiMGZkYjZlMjdkNWE2YTdhZTcxZjp7fQ==','2014-09-29 01:20:25'),('n0gb47h1vefq0yh7s66s8r25q5zt4ok4','OWE5NTZhOGVkY2E5ZjNmYmYxZjRjYzU1ZTJmZWRkNmVjZTkxZmM3ZDp7InVzZXJuYW1lIjoidXNlcjMifQ==','2014-09-30 03:17:45'),('n30catc4nmc2s304f4ja54pb1lsp0yt9','ZWU4NGNlYWRmMThmN2VmZTM4NjBiMGZkYjZlMjdkNWE2YTdhZTcxZjp7fQ==','2014-09-29 02:18:58'),('n35ie72zivid0516z8colgq4zrzn7pgv','ZWU4NGNlYWRmMThmN2VmZTM4NjBiMGZkYjZlMjdkNWE2YTdhZTcxZjp7fQ==','2014-09-30 01:34:48'),('n3to7kawmaw9w5a2mb50qoi2ljgq5hpd','ZWU4NGNlYWRmMThmN2VmZTM4NjBiMGZkYjZlMjdkNWE2YTdhZTcxZjp7fQ==','2014-09-29 01:02:43'),('n5nb0jsrsy9flku2s13o15qglwei25r2','ZWU4NGNlYWRmMThmN2VmZTM4NjBiMGZkYjZlMjdkNWE2YTdhZTcxZjp7fQ==','2014-09-29 18:49:23'),('n6quodg7u2o5xywihmjzvztyg4546z4s','ZWU4NGNlYWRmMThmN2VmZTM4NjBiMGZkYjZlMjdkNWE2YTdhZTcxZjp7fQ==','2014-09-29 02:17:53'),('n77fxibf8cn7n9iznh3c997n5vorvb8q','ZWU4NGNlYWRmMThmN2VmZTM4NjBiMGZkYjZlMjdkNWE2YTdhZTcxZjp7fQ==','2014-09-30 01:33:25'),('n7hxsizkroh5e8xt7f2d1k79w2u74w8v','ZWU4NGNlYWRmMThmN2VmZTM4NjBiMGZkYjZlMjdkNWE2YTdhZTcxZjp7fQ==','2014-09-28 04:19:06'),('n7i5af3theqhliw3bzkyv1s2yrhh5nf9','ZWU4NGNlYWRmMThmN2VmZTM4NjBiMGZkYjZlMjdkNWE2YTdhZTcxZjp7fQ==','2014-09-29 02:44:17'),('nbg4cr4p8xhzhfod7n57ah4ncb8r6a31','ZWU4NGNlYWRmMThmN2VmZTM4NjBiMGZkYjZlMjdkNWE2YTdhZTcxZjp7fQ==','2014-10-01 01:47:30'),('nbsdqls8gn6jsy84uhy7e2qs9y2agb6g','ZWU4NGNlYWRmMThmN2VmZTM4NjBiMGZkYjZlMjdkNWE2YTdhZTcxZjp7fQ==','2014-09-30 01:33:28'),('ncijacmh9e9wi39x4603hk2n8lmyjveh','ZWU4NGNlYWRmMThmN2VmZTM4NjBiMGZkYjZlMjdkNWE2YTdhZTcxZjp7fQ==','2014-09-30 01:46:33'),('ndcivvaxdxstgok3izqb2cenjghkb3e9','ZWU4NGNlYWRmMThmN2VmZTM4NjBiMGZkYjZlMjdkNWE2YTdhZTcxZjp7fQ==','2014-09-29 01:53:14'),('ne8n2u0s9cueuhqg8dlzvucbcmiqtya8','OWE5NTZhOGVkY2E5ZjNmYmYxZjRjYzU1ZTJmZWRkNmVjZTkxZmM3ZDp7InVzZXJuYW1lIjoidXNlcjMifQ==','2014-09-30 01:36:35'),('nf3bx889kv9dap05lx3qam3pwbh6z9cd','ZWU4NGNlYWRmMThmN2VmZTM4NjBiMGZkYjZlMjdkNWE2YTdhZTcxZjp7fQ==','2014-09-30 01:23:32'),('nfd6bdyayhsf2ok4cx56kg4k62s1g869','ZWU4NGNlYWRmMThmN2VmZTM4NjBiMGZkYjZlMjdkNWE2YTdhZTcxZjp7fQ==','2014-09-28 05:13:22'),('nfy1wcitkd8ngrdjuztxay89i97dj5la','ZWU4NGNlYWRmMThmN2VmZTM4NjBiMGZkYjZlMjdkNWE2YTdhZTcxZjp7fQ==','2014-09-30 01:34:58'),('ng9oa95hc3i0bv36smgr5788uf0u7l2d','ZWU4NGNlYWRmMThmN2VmZTM4NjBiMGZkYjZlMjdkNWE2YTdhZTcxZjp7fQ==','2014-09-29 01:52:36'),('nj1irsk0u5idywkzl5q0tidy8y4flzej','ZWU4NGNlYWRmMThmN2VmZTM4NjBiMGZkYjZlMjdkNWE2YTdhZTcxZjp7fQ==','2014-09-28 05:07:21'),('njh1klj4emvn5yr6mz3f4gs0mulu9jad','ZWU4NGNlYWRmMThmN2VmZTM4NjBiMGZkYjZlMjdkNWE2YTdhZTcxZjp7fQ==','2014-09-29 01:02:52'),('njigmsnw5qmatu01jgwsqolagnoqtogt','OWE5NTZhOGVkY2E5ZjNmYmYxZjRjYzU1ZTJmZWRkNmVjZTkxZmM3ZDp7InVzZXJuYW1lIjoidXNlcjMifQ==','2014-09-30 03:08:44'),('nk1mr3ruww4w5d54puf359s2yllpk3fd','OWE5NTZhOGVkY2E5ZjNmYmYxZjRjYzU1ZTJmZWRkNmVjZTkxZmM3ZDp7InVzZXJuYW1lIjoidXNlcjMifQ==','2014-09-30 01:49:51'),('nkp56sz4kh5gblnrpvmbu15r3x4zhpcs','ZWU4NGNlYWRmMThmN2VmZTM4NjBiMGZkYjZlMjdkNWE2YTdhZTcxZjp7fQ==','2014-09-30 01:23:32'),('nlcpil5s53twrvmrw9z2qtp8i599wg42','ZWU4NGNlYWRmMThmN2VmZTM4NjBiMGZkYjZlMjdkNWE2YTdhZTcxZjp7fQ==','2014-09-29 01:02:44'),('nmfhepjp0i5oseaom10tvwqzndpw9mdv','ZWU4NGNlYWRmMThmN2VmZTM4NjBiMGZkYjZlMjdkNWE2YTdhZTcxZjp7fQ==','2014-09-29 18:55:40'),('nox6gg8cphnhunpfmmk6171clkciw4vm','ZWU4NGNlYWRmMThmN2VmZTM4NjBiMGZkYjZlMjdkNWE2YTdhZTcxZjp7fQ==','2014-09-30 02:09:37'),('npcush3r3c93logy8aa5g9e0pit6c1rx','ZWU4NGNlYWRmMThmN2VmZTM4NjBiMGZkYjZlMjdkNWE2YTdhZTcxZjp7fQ==','2014-09-29 03:33:09'),('nqfxk741n5kvxg10oyzle4ozkn6y73op','ZWU4NGNlYWRmMThmN2VmZTM4NjBiMGZkYjZlMjdkNWE2YTdhZTcxZjp7fQ==','2014-09-30 03:14:20'),('nqlvbyi0oqz8yn3lkyev8j1gxh3d9ev8','ZWU4NGNlYWRmMThmN2VmZTM4NjBiMGZkYjZlMjdkNWE2YTdhZTcxZjp7fQ==','2014-09-30 03:13:52'),('nqnfsdd29cak9w3eef52sv6nwkzbsxsc','ZWU4NGNlYWRmMThmN2VmZTM4NjBiMGZkYjZlMjdkNWE2YTdhZTcxZjp7fQ==','2014-09-29 02:44:17'),('nrt10eeubzcottvts9qwwlf8cdqg0055','ZWU4NGNlYWRmMThmN2VmZTM4NjBiMGZkYjZlMjdkNWE2YTdhZTcxZjp7fQ==','2014-09-30 01:23:33'),('nrupxhrab7hvodbaynanpvvgqj3j6723','ZWU4NGNlYWRmMThmN2VmZTM4NjBiMGZkYjZlMjdkNWE2YTdhZTcxZjp7fQ==','2014-09-29 01:53:32'),('nsw9b8mjqf88ijfi2g4u7ruu07jzbgm2','ZWU4NGNlYWRmMThmN2VmZTM4NjBiMGZkYjZlMjdkNWE2YTdhZTcxZjp7fQ==','2014-09-29 18:50:16'),('nsxg1a4kh31ta9dk96t1b7e51m6sj0gy','ZjFjZDc1OGI5NTZkMzRmNjY4NTY4ODBkN2E0MGJjYzVjOGZhNDZlMTp7InVzZXJuYW1lIjoidXNlcjEifQ==','2014-10-01 01:05:42'),('nw6bz2l46xqcd06mjwwddy2jm1x0vtkz','ZWU4NGNlYWRmMThmN2VmZTM4NjBiMGZkYjZlMjdkNWE2YTdhZTcxZjp7fQ==','2014-10-01 00:52:29'),('nx30iiahcl0kvzji5hluhtcfbm5ihehe','ZWU4NGNlYWRmMThmN2VmZTM4NjBiMGZkYjZlMjdkNWE2YTdhZTcxZjp7fQ==','2014-09-30 01:48:55'),('nxtocezym8mkvo6iwjky78dcnt80fiav','ZWU4NGNlYWRmMThmN2VmZTM4NjBiMGZkYjZlMjdkNWE2YTdhZTcxZjp7fQ==','2014-09-30 01:22:00'),('nylx5xbfiln5dkxj1nji3c16dyvafsw1','ZWU4NGNlYWRmMThmN2VmZTM4NjBiMGZkYjZlMjdkNWE2YTdhZTcxZjp7fQ==','2014-09-29 03:26:30'),('nzdxjxhyzgivc9hrchh25pwto4s07zvy','ZWU4NGNlYWRmMThmN2VmZTM4NjBiMGZkYjZlMjdkNWE2YTdhZTcxZjp7fQ==','2014-09-30 01:33:25'),('nzocwyu797k9ecux87laytm02mkovbsk','OWE5NTZhOGVkY2E5ZjNmYmYxZjRjYzU1ZTJmZWRkNmVjZTkxZmM3ZDp7InVzZXJuYW1lIjoidXNlcjMifQ==','2014-09-29 03:16:37'),('nzzh6kcex9weg0jf36k2m8q0h3a2icyz','OWE5NTZhOGVkY2E5ZjNmYmYxZjRjYzU1ZTJmZWRkNmVjZTkxZmM3ZDp7InVzZXJuYW1lIjoidXNlcjMifQ==','2014-09-29 01:54:11'),('o01obet69qsz0pt0acdiutdplkwzt11u','ZWU4NGNlYWRmMThmN2VmZTM4NjBiMGZkYjZlMjdkNWE2YTdhZTcxZjp7fQ==','2014-09-30 01:16:06'),('o10x7zeou6pni31exu8nmc2z3w7vhr4j','ZWU4NGNlYWRmMThmN2VmZTM4NjBiMGZkYjZlMjdkNWE2YTdhZTcxZjp7fQ==','2014-09-30 01:38:32'),('o2j0wiehykauijhcni85tc3u2vn4f6c9','ZWU4NGNlYWRmMThmN2VmZTM4NjBiMGZkYjZlMjdkNWE2YTdhZTcxZjp7fQ==','2014-09-29 01:52:12'),('o4gq7r9vjhdugm8bqruyurq5s4zr9pjr','ZWU4NGNlYWRmMThmN2VmZTM4NjBiMGZkYjZlMjdkNWE2YTdhZTcxZjp7fQ==','2014-09-30 01:38:55'),('o4kxrgboni0v1bo184u53jy3berarkxc','ZWU4NGNlYWRmMThmN2VmZTM4NjBiMGZkYjZlMjdkNWE2YTdhZTcxZjp7fQ==','2014-09-30 01:38:35'),('o5saxtm47fs660kxnyhrt5onpyz9pvu9','ZWU4NGNlYWRmMThmN2VmZTM4NjBiMGZkYjZlMjdkNWE2YTdhZTcxZjp7fQ==','2014-09-29 03:18:25'),('o60vwvtiloicpe6h5h6dnnt4jp10nxak','ZWU4NGNlYWRmMThmN2VmZTM4NjBiMGZkYjZlMjdkNWE2YTdhZTcxZjp7fQ==','2014-09-29 01:52:12'),('o70wa6ey9q2zbj7d3qprni4umvl4vmxp','ZWU4NGNlYWRmMThmN2VmZTM4NjBiMGZkYjZlMjdkNWE2YTdhZTcxZjp7fQ==','2014-09-29 01:52:39'),('o7bi5dixaajnvkyb3cfx5u1iwroavcup','ZWU4NGNlYWRmMThmN2VmZTM4NjBiMGZkYjZlMjdkNWE2YTdhZTcxZjp7fQ==','2014-10-01 01:29:39'),('o7f9tnafglsm2wmv8mdsx49fbksz3ozr','ZWU4NGNlYWRmMThmN2VmZTM4NjBiMGZkYjZlMjdkNWE2YTdhZTcxZjp7fQ==','2014-09-29 01:17:27'),('ob6j7ovrpaur2e50czjjjxmjhokgx7be','OWE5NTZhOGVkY2E5ZjNmYmYxZjRjYzU1ZTJmZWRkNmVjZTkxZmM3ZDp7InVzZXJuYW1lIjoidXNlcjMifQ==','2014-09-30 01:51:28'),('obmtth8ojw22gveo9u779dmibgyfecg5','ZWU4NGNlYWRmMThmN2VmZTM4NjBiMGZkYjZlMjdkNWE2YTdhZTcxZjp7fQ==','2014-09-29 01:53:20'),('ochow20t998jylfjw9vj45tln79u8zb9','ZWU4NGNlYWRmMThmN2VmZTM4NjBiMGZkYjZlMjdkNWE2YTdhZTcxZjp7fQ==','2014-09-30 01:59:37'),('ocwetfzrvst4ndy3b84bb5fjbe7hnqk2','ZWU4NGNlYWRmMThmN2VmZTM4NjBiMGZkYjZlMjdkNWE2YTdhZTcxZjp7fQ==','2014-09-29 17:42:57'),('odv4d5ogbbp70ctppede5ktfbbw83fzc','ZWU4NGNlYWRmMThmN2VmZTM4NjBiMGZkYjZlMjdkNWE2YTdhZTcxZjp7fQ==','2014-10-01 01:47:39'),('odvx2vioqiqq01tig7a1lwax63dzw991','ZWU4NGNlYWRmMThmN2VmZTM4NjBiMGZkYjZlMjdkNWE2YTdhZTcxZjp7fQ==','2014-09-29 01:20:16'),('odw3ksr7pe2t6iokan5k0nv3b2azhrvt','ZWU4NGNlYWRmMThmN2VmZTM4NjBiMGZkYjZlMjdkNWE2YTdhZTcxZjp7fQ==','2014-09-29 02:20:02'),('oe3qy6vesjvktbrgw6tkxx8vn3crwp7z','ZWU4NGNlYWRmMThmN2VmZTM4NjBiMGZkYjZlMjdkNWE2YTdhZTcxZjp7fQ==','2014-09-29 18:46:07'),('oefy228xhz61drpu0xa6hxgjfux2dvis','OWE5NTZhOGVkY2E5ZjNmYmYxZjRjYzU1ZTJmZWRkNmVjZTkxZmM3ZDp7InVzZXJuYW1lIjoidXNlcjMifQ==','2014-09-30 02:15:16'),('of3hket92jnup82np2hi40z7wbvqtuoq','ZWU4NGNlYWRmMThmN2VmZTM4NjBiMGZkYjZlMjdkNWE2YTdhZTcxZjp7fQ==','2014-09-29 03:08:58'),('og43s7x30vuhf2m6gardzq6ai0kq6by9','ZWU4NGNlYWRmMThmN2VmZTM4NjBiMGZkYjZlMjdkNWE2YTdhZTcxZjp7fQ==','2014-09-29 03:20:42'),('ogbdzk9a6gdwixgfr6b98m1asxaopgqo','ZWU4NGNlYWRmMThmN2VmZTM4NjBiMGZkYjZlMjdkNWE2YTdhZTcxZjp7fQ==','2014-09-29 02:20:43'),('ogc7joqr7ygcnb8961lglst1nuu5xr4k','ZWU4NGNlYWRmMThmN2VmZTM4NjBiMGZkYjZlMjdkNWE2YTdhZTcxZjp7fQ==','2014-09-30 01:15:46'),('ogx5034azlwu5q66i1r9oq4npxysv72i','ZWU4NGNlYWRmMThmN2VmZTM4NjBiMGZkYjZlMjdkNWE2YTdhZTcxZjp7fQ==','2014-10-01 01:47:43'),('oj6hy8j2h7p35duuvpvfrvst5uz0lpha','ZWU4NGNlYWRmMThmN2VmZTM4NjBiMGZkYjZlMjdkNWE2YTdhZTcxZjp7fQ==','2014-09-29 01:53:32'),('ojv18kcilh3902fy6guu98byq3qtixr4','ZWU4NGNlYWRmMThmN2VmZTM4NjBiMGZkYjZlMjdkNWE2YTdhZTcxZjp7fQ==','2014-09-29 03:19:19'),('oknhe6ylqyurk858t6hax3bje65um3mp','ZWU4NGNlYWRmMThmN2VmZTM4NjBiMGZkYjZlMjdkNWE2YTdhZTcxZjp7fQ==','2014-09-29 02:20:57'),('okogdh8wjuzrko6cz8dyuh4egot1kj37','ZWU4NGNlYWRmMThmN2VmZTM4NjBiMGZkYjZlMjdkNWE2YTdhZTcxZjp7fQ==','2014-09-30 01:18:27'),('olb4h157zj0u9cz06g60h0hnqywjedgi','ZWU4NGNlYWRmMThmN2VmZTM4NjBiMGZkYjZlMjdkNWE2YTdhZTcxZjp7fQ==','2014-09-30 01:20:11'),('om96kajtg9rwwqaeajk4be9pvbahgb7s','ZWU4NGNlYWRmMThmN2VmZTM4NjBiMGZkYjZlMjdkNWE2YTdhZTcxZjp7fQ==','2014-09-28 04:18:32'),('on7gffm5wamum7bdxnsrk2addl5k7yl4','ZWU4NGNlYWRmMThmN2VmZTM4NjBiMGZkYjZlMjdkNWE2YTdhZTcxZjp7fQ==','2014-09-30 01:21:01'),('on9or4cvhj3w594p1d7dynm1w3093jhv','ZWU4NGNlYWRmMThmN2VmZTM4NjBiMGZkYjZlMjdkNWE2YTdhZTcxZjp7fQ==','2014-09-29 02:02:45'),('onxssnfni46r28hoto20al9k95959flm','ZWU4NGNlYWRmMThmN2VmZTM4NjBiMGZkYjZlMjdkNWE2YTdhZTcxZjp7fQ==','2014-09-29 03:19:18'),('ospf5dsdugub3v4e5252rlojtpr8pina','ZWU4NGNlYWRmMThmN2VmZTM4NjBiMGZkYjZlMjdkNWE2YTdhZTcxZjp7fQ==','2014-09-29 01:02:43'),('otgri7ww8w4wfuepns7a68tqqzbuyhkj','ZWU4NGNlYWRmMThmN2VmZTM4NjBiMGZkYjZlMjdkNWE2YTdhZTcxZjp7fQ==','2014-09-30 03:13:43'),('ou3r59r4bfmhadl296f7dacitdoqg6bg','ZWU4NGNlYWRmMThmN2VmZTM4NjBiMGZkYjZlMjdkNWE2YTdhZTcxZjp7fQ==','2014-09-30 01:20:15'),('ovi05gdvbtgaywhvi8wozndhgjr3i3vb','ZWU4NGNlYWRmMThmN2VmZTM4NjBiMGZkYjZlMjdkNWE2YTdhZTcxZjp7fQ==','2014-09-29 01:02:01'),('ox21yoa8vk9p1k8o96e4eyyd3frj3i5e','OWE5NTZhOGVkY2E5ZjNmYmYxZjRjYzU1ZTJmZWRkNmVjZTkxZmM3ZDp7InVzZXJuYW1lIjoidXNlcjMifQ==','2014-09-30 02:09:58'),('ox2i4e7c0s98k4v8zrfq37wipmth4o57','ZWU4NGNlYWRmMThmN2VmZTM4NjBiMGZkYjZlMjdkNWE2YTdhZTcxZjp7fQ==','2014-09-28 04:20:11'),('ox7whay5wncigclb69d3x1bejig9n64s','ZWU4NGNlYWRmMThmN2VmZTM4NjBiMGZkYjZlMjdkNWE2YTdhZTcxZjp7fQ==','2014-09-30 03:09:10'),('oyblbpvly7mgj4i6n65qw8jgzfj8txom','ZWU4NGNlYWRmMThmN2VmZTM4NjBiMGZkYjZlMjdkNWE2YTdhZTcxZjp7fQ==','2014-09-29 03:19:53'),('p07h3nkqzgnh1q52uxsz9kjersnehotb','ZWU4NGNlYWRmMThmN2VmZTM4NjBiMGZkYjZlMjdkNWE2YTdhZTcxZjp7fQ==','2014-09-30 01:47:06'),('p083m6rso5la59ppz9qorzcugxdck8wb','ZWU4NGNlYWRmMThmN2VmZTM4NjBiMGZkYjZlMjdkNWE2YTdhZTcxZjp7fQ==','2014-09-30 01:39:02'),('p0ch3p4ftj3yj79fylbpk3fj91vpmm9d','ZWU4NGNlYWRmMThmN2VmZTM4NjBiMGZkYjZlMjdkNWE2YTdhZTcxZjp7fQ==','2014-09-28 05:09:32'),('p1bm0vpqzoxt4hmcxozux84r9ndx8ee2','ZWU4NGNlYWRmMThmN2VmZTM4NjBiMGZkYjZlMjdkNWE2YTdhZTcxZjp7fQ==','2014-09-29 01:20:25'),('p1pwohecadyt93lojsn0wimr4qpo9pua','OWE5NTZhOGVkY2E5ZjNmYmYxZjRjYzU1ZTJmZWRkNmVjZTkxZmM3ZDp7InVzZXJuYW1lIjoidXNlcjMifQ==','2014-09-29 03:27:57'),('p2585zu4sn6jeqytyarwv927u9ldhbpl','ZWU4NGNlYWRmMThmN2VmZTM4NjBiMGZkYjZlMjdkNWE2YTdhZTcxZjp7fQ==','2014-09-30 02:11:40'),('p2axdtr00y6v85yqnv8dtzb2ctbdrpop','ZjFjZDc1OGI5NTZkMzRmNjY4NTY4ODBkN2E0MGJjYzVjOGZhNDZlMTp7InVzZXJuYW1lIjoidXNlcjEifQ==','2014-09-30 01:31:31'),('p2dkgf20aa17w1ai6kin2j5x3b4o88mq','ZWU4NGNlYWRmMThmN2VmZTM4NjBiMGZkYjZlMjdkNWE2YTdhZTcxZjp7fQ==','2014-09-29 05:07:33'),('p54o1qnz34p1w10z6uk4ocwaz7b3g5iw','ZWU4NGNlYWRmMThmN2VmZTM4NjBiMGZkYjZlMjdkNWE2YTdhZTcxZjp7fQ==','2014-09-29 03:26:28'),('p60087qnap0ay5zh191cu9owtlzion90','ZWU4NGNlYWRmMThmN2VmZTM4NjBiMGZkYjZlMjdkNWE2YTdhZTcxZjp7fQ==','2014-09-30 01:15:56'),('p7fzqr1ztfb06hfgfdzfa5nubs87d29x','ZWU4NGNlYWRmMThmN2VmZTM4NjBiMGZkYjZlMjdkNWE2YTdhZTcxZjp7fQ==','2014-09-29 17:12:56'),('p7x2ve3mp498suldqe82lkmkz90mk2j4','ZWU4NGNlYWRmMThmN2VmZTM4NjBiMGZkYjZlMjdkNWE2YTdhZTcxZjp7fQ==','2014-09-29 01:18:38'),('p9dt3bcfooii1halu0hbya9ivgcsao4v','ZWU4NGNlYWRmMThmN2VmZTM4NjBiMGZkYjZlMjdkNWE2YTdhZTcxZjp7fQ==','2014-09-30 01:18:27'),('pb4xxuijcr3k9fkp1okxf6ztoj6bf5d9','ZWU4NGNlYWRmMThmN2VmZTM4NjBiMGZkYjZlMjdkNWE2YTdhZTcxZjp7fQ==','2014-09-30 01:33:25'),('pc4x2glr4nlkh5t1f4dgq512bdp624l9','ZWU4NGNlYWRmMThmN2VmZTM4NjBiMGZkYjZlMjdkNWE2YTdhZTcxZjp7fQ==','2014-09-30 02:11:34'),('pcegy62c682wai6u2byjlegcwiy4q1b7','ZWU4NGNlYWRmMThmN2VmZTM4NjBiMGZkYjZlMjdkNWE2YTdhZTcxZjp7fQ==','2014-09-30 01:21:48'),('pcw7ghirktwug4kw2z5rsmt84n8r4erp','ZWU4NGNlYWRmMThmN2VmZTM4NjBiMGZkYjZlMjdkNWE2YTdhZTcxZjp7fQ==','2014-09-29 03:19:21'),('pdrgkahceoy31xptvyqtwgcwdj8peyf4','ZWU4NGNlYWRmMThmN2VmZTM4NjBiMGZkYjZlMjdkNWE2YTdhZTcxZjp7fQ==','2014-09-29 03:28:02'),('pecdedlg4zfnsr41noeuf4xf28bjbro2','ZWU4NGNlYWRmMThmN2VmZTM4NjBiMGZkYjZlMjdkNWE2YTdhZTcxZjp7fQ==','2014-09-29 19:30:02'),('pfs2s3vc922ggx6mnufy17wm76mkoli1','OWE5NTZhOGVkY2E5ZjNmYmYxZjRjYzU1ZTJmZWRkNmVjZTkxZmM3ZDp7InVzZXJuYW1lIjoidXNlcjMifQ==','2014-09-29 03:27:56'),('phehjtrm3d8rnzfcijr3kz2cpvs5j9ri','ZWU4NGNlYWRmMThmN2VmZTM4NjBiMGZkYjZlMjdkNWE2YTdhZTcxZjp7fQ==','2014-09-30 01:14:50'),('phoebw9zbejnr3eanl86crga6lyqlzvi','ZWU4NGNlYWRmMThmN2VmZTM4NjBiMGZkYjZlMjdkNWE2YTdhZTcxZjp7fQ==','2014-09-29 03:15:33'),('piu1bvb23bwibax9yaq818qlp6t2izfr','OWE5NTZhOGVkY2E5ZjNmYmYxZjRjYzU1ZTJmZWRkNmVjZTkxZmM3ZDp7InVzZXJuYW1lIjoidXNlcjMifQ==','2014-09-30 03:18:36'),('pjngcij7mdx2fpahu9ae9mvjje1aprq8','ZWU4NGNlYWRmMThmN2VmZTM4NjBiMGZkYjZlMjdkNWE2YTdhZTcxZjp7fQ==','2014-09-30 03:13:47'),('plkzezeq62yfibldwd1vpaysx0ivxe5m','ZWU4NGNlYWRmMThmN2VmZTM4NjBiMGZkYjZlMjdkNWE2YTdhZTcxZjp7fQ==','2014-09-29 01:52:48'),('plmb8rsbz2ure71xsusjqijinh1o7pyx','ZWU4NGNlYWRmMThmN2VmZTM4NjBiMGZkYjZlMjdkNWE2YTdhZTcxZjp7fQ==','2014-09-29 01:20:25'),('pluey0jpal9hvlwxikjfpqvxomk79wtx','MmE4YmRmY2ZjNWFlNjQzZmJiNGM3MzAzZmNmOWU3YjA3NzhkNGU3NDp7InVzZXJuYW1lIjoidXNlcjMifQ==','2014-10-01 05:20:04'),('plxg7escyb37rth4voekvp30dfd5b961','OWE5NTZhOGVkY2E5ZjNmYmYxZjRjYzU1ZTJmZWRkNmVjZTkxZmM3ZDp7InVzZXJuYW1lIjoidXNlcjMifQ==','2014-09-29 01:42:01'),('ply5v1nksmrdmgzp6uwqyvxd3hq9cndq','ZWU4NGNlYWRmMThmN2VmZTM4NjBiMGZkYjZlMjdkNWE2YTdhZTcxZjp7fQ==','2014-09-29 03:31:23'),('pn0o1gtp5psiilr1czxi2y2e9dgq3p11','ZWU4NGNlYWRmMThmN2VmZTM4NjBiMGZkYjZlMjdkNWE2YTdhZTcxZjp7fQ==','2014-09-30 01:31:38'),('posbsilcxjxw60pgsp1p1fuyepirpa7r','ZWU4NGNlYWRmMThmN2VmZTM4NjBiMGZkYjZlMjdkNWE2YTdhZTcxZjp7fQ==','2014-09-30 01:22:56'),('ppd2rg44usnpiy6tcot7foxgjew34z12','ZWU4NGNlYWRmMThmN2VmZTM4NjBiMGZkYjZlMjdkNWE2YTdhZTcxZjp7fQ==','2014-09-30 01:14:50'),('ppkrijkin9rue7oc0b2dy19bov497zqd','OWE5NTZhOGVkY2E5ZjNmYmYxZjRjYzU1ZTJmZWRkNmVjZTkxZmM3ZDp7InVzZXJuYW1lIjoidXNlcjMifQ==','2014-09-29 18:42:57'),('pr9f4ttdpe432416c3o536nlpelc1xom','OWE5NTZhOGVkY2E5ZjNmYmYxZjRjYzU1ZTJmZWRkNmVjZTkxZmM3ZDp7InVzZXJuYW1lIjoidXNlcjMifQ==','2014-09-28 05:16:50'),('prenkvjbi2gx7raeu5gp0gx42m6ipre6','ZWU4NGNlYWRmMThmN2VmZTM4NjBiMGZkYjZlMjdkNWE2YTdhZTcxZjp7fQ==','2014-09-29 01:52:11'),('pslnmudk0mhmeekwhsn6x4cn3fwr2bkb','ZWU4NGNlYWRmMThmN2VmZTM4NjBiMGZkYjZlMjdkNWE2YTdhZTcxZjp7fQ==','2014-09-29 03:18:25'),('pt5ws1xo9epoi6slrh7oskoxfew14at4','OWE5NTZhOGVkY2E5ZjNmYmYxZjRjYzU1ZTJmZWRkNmVjZTkxZmM3ZDp7InVzZXJuYW1lIjoidXNlcjMifQ==','2014-09-29 03:21:10'),('pta3qlig25emrsgwwg7bwp55pfojp3gj','ZWU4NGNlYWRmMThmN2VmZTM4NjBiMGZkYjZlMjdkNWE2YTdhZTcxZjp7fQ==','2014-09-29 03:22:31'),('ptunx0fhu5vijsu3u26btnn81mzj1yll','ZWU4NGNlYWRmMThmN2VmZTM4NjBiMGZkYjZlMjdkNWE2YTdhZTcxZjp7fQ==','2014-09-30 02:11:38'),('pusy00xyffbeqmltva3czq0fjent7y2m','ZWU4NGNlYWRmMThmN2VmZTM4NjBiMGZkYjZlMjdkNWE2YTdhZTcxZjp7fQ==','2014-09-30 01:33:25'),('pvotd4n24ag3ikoxuwtf0nzaxhuau3zk','ZWU4NGNlYWRmMThmN2VmZTM4NjBiMGZkYjZlMjdkNWE2YTdhZTcxZjp7fQ==','2014-09-29 02:11:25'),('px992pagzz6my16v32ueqp43lv88zerp','ZWU4NGNlYWRmMThmN2VmZTM4NjBiMGZkYjZlMjdkNWE2YTdhZTcxZjp7fQ==','2014-09-29 01:52:44'),('pxjne80a9z9nqqi0dvdetyjpiwlqjvy0','ZWU4NGNlYWRmMThmN2VmZTM4NjBiMGZkYjZlMjdkNWE2YTdhZTcxZjp7fQ==','2014-09-28 05:11:39'),('py24rbii1rfl9817228wfy4up0o4upqc','ZWU4NGNlYWRmMThmN2VmZTM4NjBiMGZkYjZlMjdkNWE2YTdhZTcxZjp7fQ==','2014-09-30 01:23:53'),('pyr8xz6e31d512u0yjn4y0hhog87prgn','ZWU4NGNlYWRmMThmN2VmZTM4NjBiMGZkYjZlMjdkNWE2YTdhZTcxZjp7fQ==','2014-09-30 01:22:56'),('pzhfqjfw8cmyz0gn5bxvxqibfo4enm86','ZWU4NGNlYWRmMThmN2VmZTM4NjBiMGZkYjZlMjdkNWE2YTdhZTcxZjp7fQ==','2014-09-30 01:14:50'),('pzqk012vd2rdjd4ek4kgiowu2qyddybh','ZjFjZDc1OGI5NTZkMzRmNjY4NTY4ODBkN2E0MGJjYzVjOGZhNDZlMTp7InVzZXJuYW1lIjoidXNlcjEifQ==','2014-09-30 01:40:14'),('q1i4tzzuxjbngwdg8bdcunrye2glcz6l','ZWU4NGNlYWRmMThmN2VmZTM4NjBiMGZkYjZlMjdkNWE2YTdhZTcxZjp7fQ==','2014-09-29 02:20:45'),('q1xcb129wqc3cdy28jfssqmnkyhdkoct','ZWU4NGNlYWRmMThmN2VmZTM4NjBiMGZkYjZlMjdkNWE2YTdhZTcxZjp7fQ==','2014-09-29 03:19:20'),('q2xfbuilc3vryj1hfjgtf6i2k8awn3ig','ZWU4NGNlYWRmMThmN2VmZTM4NjBiMGZkYjZlMjdkNWE2YTdhZTcxZjp7fQ==','2014-09-28 05:13:22'),('q44rzt9pgobx5rr7s7k25q6ufb0ryyxc','MjZlNmNmNTE1MmQ5NTQ5ZTE1ZmIzZTc2ZGU5OWE3MjMxYmQzMzE3NDp7InVzZXJuYW1lIjoidXNlcjEifQ==','2014-10-01 05:40:04'),('q5xk4mweqlgs456lbzu6km3p2bvqfxxl','ZWU4NGNlYWRmMThmN2VmZTM4NjBiMGZkYjZlMjdkNWE2YTdhZTcxZjp7fQ==','2014-09-30 01:31:35'),('q67rbk5tm741m9tw4dkp99rffr42benz','ZWU4NGNlYWRmMThmN2VmZTM4NjBiMGZkYjZlMjdkNWE2YTdhZTcxZjp7fQ==','2014-09-30 01:38:35'),('q6dnvqecuzowgol4umdlhk1yjp3cj9an','ZWU4NGNlYWRmMThmN2VmZTM4NjBiMGZkYjZlMjdkNWE2YTdhZTcxZjp7fQ==','2014-10-01 00:51:13'),('q731y980232hocvpvvalf9r06f6i1b6l','ZWU4NGNlYWRmMThmN2VmZTM4NjBiMGZkYjZlMjdkNWE2YTdhZTcxZjp7fQ==','2014-09-30 01:22:02'),('q849494azzvcz6bbhr5ufiupmpjzy344','ZWU4NGNlYWRmMThmN2VmZTM4NjBiMGZkYjZlMjdkNWE2YTdhZTcxZjp7fQ==','2014-09-29 03:08:58'),('q9f2wttc7slclg2y7d2etuouw9vv4ers','ZWU4NGNlYWRmMThmN2VmZTM4NjBiMGZkYjZlMjdkNWE2YTdhZTcxZjp7fQ==','2014-09-29 03:31:28'),('q9umxhlf2ak6zq8sdoj3qv5nmgvlawl9','ZWU4NGNlYWRmMThmN2VmZTM4NjBiMGZkYjZlMjdkNWE2YTdhZTcxZjp7fQ==','2014-09-29 01:52:09'),('qa95xx7i9kajoq5i7a4q0pgetoacxnkp','ZWU4NGNlYWRmMThmN2VmZTM4NjBiMGZkYjZlMjdkNWE2YTdhZTcxZjp7fQ==','2014-09-29 01:02:44'),('qamgbe9nhjn15khk44dn3sqt229s1w0j','ZWU4NGNlYWRmMThmN2VmZTM4NjBiMGZkYjZlMjdkNWE2YTdhZTcxZjp7fQ==','2014-09-30 01:20:11'),('qb761zfybuad89j1bfafcwbfa9hmgvjm','ZWU4NGNlYWRmMThmN2VmZTM4NjBiMGZkYjZlMjdkNWE2YTdhZTcxZjp7fQ==','2014-09-30 01:37:25'),('qchy873orsihdzzdgo3gfaxue6hd63kg','ZWU4NGNlYWRmMThmN2VmZTM4NjBiMGZkYjZlMjdkNWE2YTdhZTcxZjp7fQ==','2014-09-30 01:14:53'),('qdpejk4u7radfsmwzfj3wck6owmenq2y','ZWU4NGNlYWRmMThmN2VmZTM4NjBiMGZkYjZlMjdkNWE2YTdhZTcxZjp7fQ==','2014-09-29 17:12:56'),('qgba4tyk65tk5981l1y2c209n2e91ni1','ZWU4NGNlYWRmMThmN2VmZTM4NjBiMGZkYjZlMjdkNWE2YTdhZTcxZjp7fQ==','2014-09-29 18:55:59'),('qgl8u8exkgbyplk6n6t3x9vl7kusprfb','ZWU4NGNlYWRmMThmN2VmZTM4NjBiMGZkYjZlMjdkNWE2YTdhZTcxZjp7fQ==','2014-09-29 18:50:15'),('qh53tdzdshhzhn1ihg42c7wzie6fon2r','ZWU4NGNlYWRmMThmN2VmZTM4NjBiMGZkYjZlMjdkNWE2YTdhZTcxZjp7fQ==','2014-09-30 01:51:40'),('qhwj2hgi2sl1a6l1kv2at7ko7a8vj75e','ZWU4NGNlYWRmMThmN2VmZTM4NjBiMGZkYjZlMjdkNWE2YTdhZTcxZjp7fQ==','2014-09-29 17:16:28'),('qi9y0uc683ucpjnhnjse6ful7br7ugc1','ZWU4NGNlYWRmMThmN2VmZTM4NjBiMGZkYjZlMjdkNWE2YTdhZTcxZjp7fQ==','2014-09-29 02:32:32'),('qj5m8cpe043satdduzdt72yemunhaxmb','ZWU4NGNlYWRmMThmN2VmZTM4NjBiMGZkYjZlMjdkNWE2YTdhZTcxZjp7fQ==','2014-09-30 01:16:07'),('qjxvi04vxigp47rv46rxcyym2yewo5ye','ZWU4NGNlYWRmMThmN2VmZTM4NjBiMGZkYjZlMjdkNWE2YTdhZTcxZjp7fQ==','2014-09-29 02:20:01'),('qk647tfd1qvz2if2otm0vxtcpl827nte','OWE5NTZhOGVkY2E5ZjNmYmYxZjRjYzU1ZTJmZWRkNmVjZTkxZmM3ZDp7InVzZXJuYW1lIjoidXNlcjMifQ==','2014-09-29 01:49:11'),('qk7d6saiyzmh19mm7zgyl3z87ck1xk6o','OWE5NTZhOGVkY2E5ZjNmYmYxZjRjYzU1ZTJmZWRkNmVjZTkxZmM3ZDp7InVzZXJuYW1lIjoidXNlcjMifQ==','2014-09-29 03:20:32'),('qkb9ewh531q1a1fb3c355hgvbienl67q','OWE5NTZhOGVkY2E5ZjNmYmYxZjRjYzU1ZTJmZWRkNmVjZTkxZmM3ZDp7InVzZXJuYW1lIjoidXNlcjMifQ==','2014-09-30 01:55:48'),('ql11cnnmq3wqw5iz5namhhkjnodvoreq','MmM0YTcwMjFjNDRlZmI4NjQ5ZmFkZDVkZGVkOTUxZWFmNmYzNWZiZjp7InVzZXJuYW1lIjoidXNlcjQifQ==','2014-10-01 05:54:06'),('qlrca41h0gctc0qga2x3x1w66qdz8vk9','ZWU4NGNlYWRmMThmN2VmZTM4NjBiMGZkYjZlMjdkNWE2YTdhZTcxZjp7fQ==','2014-09-29 03:19:14'),('qm0c7lo82zt4lt9z9tqjujs6yffc9tv1','ZWU4NGNlYWRmMThmN2VmZTM4NjBiMGZkYjZlMjdkNWE2YTdhZTcxZjp7fQ==','2014-09-29 18:46:55'),('qn1maze79vnbo2oq4mrlx74d0ind5r3g','ZWU4NGNlYWRmMThmN2VmZTM4NjBiMGZkYjZlMjdkNWE2YTdhZTcxZjp7fQ==','2014-09-29 03:31:28'),('qnywxby0hy4i7heqr5ynj3wdgtkl4dki','ZWU4NGNlYWRmMThmN2VmZTM4NjBiMGZkYjZlMjdkNWE2YTdhZTcxZjp7fQ==','2014-09-29 01:57:48'),('qoicvpxw06kuxaaon92jeodaep13uzxy','ZWU4NGNlYWRmMThmN2VmZTM4NjBiMGZkYjZlMjdkNWE2YTdhZTcxZjp7fQ==','2014-09-30 01:23:53'),('qpsjnpb91gevt3zlg47ix06g4xnckh7x','ZWU4NGNlYWRmMThmN2VmZTM4NjBiMGZkYjZlMjdkNWE2YTdhZTcxZjp7fQ==','2014-09-29 18:46:10'),('qsmt2ndugeyc05ljic38n0b7k0prv22b','OWE5NTZhOGVkY2E5ZjNmYmYxZjRjYzU1ZTJmZWRkNmVjZTkxZmM3ZDp7InVzZXJuYW1lIjoidXNlcjMifQ==','2014-09-29 18:18:27'),('qtbiplx6a9fruqxlbcazh928ogbxa83u','ZWU4NGNlYWRmMThmN2VmZTM4NjBiMGZkYjZlMjdkNWE2YTdhZTcxZjp7fQ==','2014-10-01 01:29:55'),('qtlhcfzvlrc33a9u05vf30e8kglcft08','ZWU4NGNlYWRmMThmN2VmZTM4NjBiMGZkYjZlMjdkNWE2YTdhZTcxZjp7fQ==','2014-09-29 03:31:29'),('qvr2wflamj0fpu9kfc4df5j5183b786c','ZWU4NGNlYWRmMThmN2VmZTM4NjBiMGZkYjZlMjdkNWE2YTdhZTcxZjp7fQ==','2014-10-01 01:05:48'),('qwuglz1kp06cm0r1qpw0ah9q3zqr31c7','ZWU4NGNlYWRmMThmN2VmZTM4NjBiMGZkYjZlMjdkNWE2YTdhZTcxZjp7fQ==','2014-09-29 03:08:50'),('qx7xb4y46vz1sqme5lm73vcvysgyme08','ZWU4NGNlYWRmMThmN2VmZTM4NjBiMGZkYjZlMjdkNWE2YTdhZTcxZjp7fQ==','2014-09-29 03:19:20'),('qy645hzxls7r586yuvko2oau3f20fjlm','OWE5NTZhOGVkY2E5ZjNmYmYxZjRjYzU1ZTJmZWRkNmVjZTkxZmM3ZDp7InVzZXJuYW1lIjoidXNlcjMifQ==','2014-09-29 04:58:33'),('r0abqlefwu4xxg5lekmw1pftc9y4vz7x','ZWU4NGNlYWRmMThmN2VmZTM4NjBiMGZkYjZlMjdkNWE2YTdhZTcxZjp7fQ==','2014-09-30 01:55:59'),('r0vbevzgw59whrhzl10xw5tqqqpm8dvi','ZWU4NGNlYWRmMThmN2VmZTM4NjBiMGZkYjZlMjdkNWE2YTdhZTcxZjp7fQ==','2014-09-30 01:36:43'),('r14mbm5075cf0d0i8zzscc5twgz7k64c','OWE5NTZhOGVkY2E5ZjNmYmYxZjRjYzU1ZTJmZWRkNmVjZTkxZmM3ZDp7InVzZXJuYW1lIjoidXNlcjMifQ==','2014-09-29 03:16:37'),('r3bvpzjcduf3lkcpp4lrlesw80jgq7wz','ZWU4NGNlYWRmMThmN2VmZTM4NjBiMGZkYjZlMjdkNWE2YTdhZTcxZjp7fQ==','2014-09-30 01:18:27'),('r4832mb5woyob7b6e83li3sp36q1txfp','ZWU4NGNlYWRmMThmN2VmZTM4NjBiMGZkYjZlMjdkNWE2YTdhZTcxZjp7fQ==','2014-09-29 03:19:43'),('r4zqlaqc149dv1rhre0xv0mx0k7514yx','ZWU4NGNlYWRmMThmN2VmZTM4NjBiMGZkYjZlMjdkNWE2YTdhZTcxZjp7fQ==','2014-09-30 01:51:39'),('r5incibop8qkscujkc8taxvfe75hf1ms','ZWU4NGNlYWRmMThmN2VmZTM4NjBiMGZkYjZlMjdkNWE2YTdhZTcxZjp7fQ==','2014-10-01 01:33:35'),('r8bw4f4szbpfkc808z0bpg1bm3z8q81s','OWE5NTZhOGVkY2E5ZjNmYmYxZjRjYzU1ZTJmZWRkNmVjZTkxZmM3ZDp7InVzZXJuYW1lIjoidXNlcjMifQ==','2014-09-29 03:23:52'),('rbakilaudwlso8qz0xdzlpd17gbjy8x9','ZWU4NGNlYWRmMThmN2VmZTM4NjBiMGZkYjZlMjdkNWE2YTdhZTcxZjp7fQ==','2014-09-29 17:33:37'),('rbmnobyqln0cum3dlro31ixyfay2te8n','ZWU4NGNlYWRmMThmN2VmZTM4NjBiMGZkYjZlMjdkNWE2YTdhZTcxZjp7fQ==','2014-09-29 03:31:24'),('rf41vsfffy6h7el9mlh3nqjsf31a8pw1','ZWU4NGNlYWRmMThmN2VmZTM4NjBiMGZkYjZlMjdkNWE2YTdhZTcxZjp7fQ==','2014-09-28 04:13:48'),('rjge11qheqhr7pxkjp0pvzkmgvcw4emf','ZWU4NGNlYWRmMThmN2VmZTM4NjBiMGZkYjZlMjdkNWE2YTdhZTcxZjp7fQ==','2014-09-29 18:46:10'),('rkenlxmj6x9drj0nyufkiuo10me1b9va','ZWU4NGNlYWRmMThmN2VmZTM4NjBiMGZkYjZlMjdkNWE2YTdhZTcxZjp7fQ==','2014-09-30 01:59:42'),('rksmg109ndvkbowy9o1nvfqjlhowd630','ZWU4NGNlYWRmMThmN2VmZTM4NjBiMGZkYjZlMjdkNWE2YTdhZTcxZjp7fQ==','2014-09-30 01:21:43'),('rlnqvdhmh0j1b9cd6cusf3gq0lu0q8n0','OWE5NTZhOGVkY2E5ZjNmYmYxZjRjYzU1ZTJmZWRkNmVjZTkxZmM3ZDp7InVzZXJuYW1lIjoidXNlcjMifQ==','2014-09-30 01:50:44'),('ro6hrqrz92kjpmrrlqtw2gw4tahy2gl2','OWE5NTZhOGVkY2E5ZjNmYmYxZjRjYzU1ZTJmZWRkNmVjZTkxZmM3ZDp7InVzZXJuYW1lIjoidXNlcjMifQ==','2014-09-30 03:14:18'),('rpf4krawjd7p5ujpru6amb9d5tg8atmb','ZWU4NGNlYWRmMThmN2VmZTM4NjBiMGZkYjZlMjdkNWE2YTdhZTcxZjp7fQ==','2014-09-29 01:57:51'),('rq6tq305yy2eeg1o9p6utr1519p6cd85','ZjFjZDc1OGI5NTZkMzRmNjY4NTY4ODBkN2E0MGJjYzVjOGZhNDZlMTp7InVzZXJuYW1lIjoidXNlcjEifQ==','2014-09-29 18:49:49'),('rqi6fquk1fpi6kptlujo2eszi73s8c7a','OWE5NTZhOGVkY2E5ZjNmYmYxZjRjYzU1ZTJmZWRkNmVjZTkxZmM3ZDp7InVzZXJuYW1lIjoidXNlcjMifQ==','2014-09-30 01:51:26'),('rqnqqahq9kxts3zlrkfk3dfrlyn4zfhb','OWE5NTZhOGVkY2E5ZjNmYmYxZjRjYzU1ZTJmZWRkNmVjZTkxZmM3ZDp7InVzZXJuYW1lIjoidXNlcjMifQ==','2014-09-29 01:46:51'),('rryl6n1ij4gcx99ekqatzggo5bg5op37','ZWU4NGNlYWRmMThmN2VmZTM4NjBiMGZkYjZlMjdkNWE2YTdhZTcxZjp7fQ==','2014-09-30 03:17:49'),('rskzz0hb05jiajtkgiomxma6tozu5a54','OWE5NTZhOGVkY2E5ZjNmYmYxZjRjYzU1ZTJmZWRkNmVjZTkxZmM3ZDp7InVzZXJuYW1lIjoidXNlcjMifQ==','2014-09-30 02:15:45'),('rtii0c0szz6ymr13aitje6yrpjn6l08k','ZWU4NGNlYWRmMThmN2VmZTM4NjBiMGZkYjZlMjdkNWE2YTdhZTcxZjp7fQ==','2014-09-29 18:46:15'),('rv7anno92ebjjgw9uuwhdwukqikkgv1u','OWE5NTZhOGVkY2E5ZjNmYmYxZjRjYzU1ZTJmZWRkNmVjZTkxZmM3ZDp7InVzZXJuYW1lIjoidXNlcjMifQ==','2014-09-29 04:21:16'),('rvxqndowwcnf6sme9ki4xk9oq4wkvdj5','ZWU4NGNlYWRmMThmN2VmZTM4NjBiMGZkYjZlMjdkNWE2YTdhZTcxZjp7fQ==','2014-10-01 01:28:00'),('rxme64lqy06doqmuvnscpd7qtmtulueu','ZWU4NGNlYWRmMThmN2VmZTM4NjBiMGZkYjZlMjdkNWE2YTdhZTcxZjp7fQ==','2014-09-28 04:13:49'),('s116vazjdpsiu5nym78ruck8hxptb0u7','ZWU4NGNlYWRmMThmN2VmZTM4NjBiMGZkYjZlMjdkNWE2YTdhZTcxZjp7fQ==','2014-09-28 05:16:47'),('s2tpjvr10wwu4aztvwvcmntu5mcjpj6a','OWE5NTZhOGVkY2E5ZjNmYmYxZjRjYzU1ZTJmZWRkNmVjZTkxZmM3ZDp7InVzZXJuYW1lIjoidXNlcjMifQ==','2014-09-30 02:09:55'),('s414y4gmcfuq9qcc4g0rbagr7d7spgk2','ZjFjZDc1OGI5NTZkMzRmNjY4NTY4ODBkN2E0MGJjYzVjOGZhNDZlMTp7InVzZXJuYW1lIjoidXNlcjEifQ==','2014-09-30 01:19:59'),('s5fl2ws7kanzt6ksvy80icdblr0hslcp','ZWU4NGNlYWRmMThmN2VmZTM4NjBiMGZkYjZlMjdkNWE2YTdhZTcxZjp7fQ==','2014-09-29 01:53:28'),('s6jsdctwjcrexhjhz7p7d9yi7339lww0','ZWU4NGNlYWRmMThmN2VmZTM4NjBiMGZkYjZlMjdkNWE2YTdhZTcxZjp7fQ==','2014-09-29 03:16:40'),('s6masytgcbx3mpoo8svueei8j2lej04x','ZWU4NGNlYWRmMThmN2VmZTM4NjBiMGZkYjZlMjdkNWE2YTdhZTcxZjp7fQ==','2014-09-29 01:20:16'),('s80o3ba444kgbxoo1r6wui2l226r06hi','MmE4YmRmY2ZjNWFlNjQzZmJiNGM3MzAzZmNmOWU3YjA3NzhkNGU3NDp7InVzZXJuYW1lIjoidXNlcjMifQ==','2014-10-01 05:18:41'),('sa1yzfz76jelk4usedalwjg3vf3p1fd2','ZWU4NGNlYWRmMThmN2VmZTM4NjBiMGZkYjZlMjdkNWE2YTdhZTcxZjp7fQ==','2014-09-29 18:55:39'),('sauu1ttj0vdnyfmys32oadx4vlhpxpqd','MmE4YmRmY2ZjNWFlNjQzZmJiNGM3MzAzZmNmOWU3YjA3NzhkNGU3NDp7InVzZXJuYW1lIjoidXNlcjMifQ==','2014-10-01 05:34:24'),('sbpu45bp5x6mdd4vn4d7l5brxuwae15k','ZWU4NGNlYWRmMThmN2VmZTM4NjBiMGZkYjZlMjdkNWE2YTdhZTcxZjp7fQ==','2014-09-29 18:46:09'),('sdpe8esksr6n85eicncq07z7002v7t3p','ZWU4NGNlYWRmMThmN2VmZTM4NjBiMGZkYjZlMjdkNWE2YTdhZTcxZjp7fQ==','2014-09-28 05:13:13'),('se2raosb1csbemrqxf4u11oxdl459fg2','ZWU4NGNlYWRmMThmN2VmZTM4NjBiMGZkYjZlMjdkNWE2YTdhZTcxZjp7fQ==','2014-09-30 01:21:22'),('segtqtgrxhn47rhbchreztpede8hj6xu','ZWU4NGNlYWRmMThmN2VmZTM4NjBiMGZkYjZlMjdkNWE2YTdhZTcxZjp7fQ==','2014-09-29 02:44:11'),('sezddyrj36bprmt67bae4rmrqazqnsri','ZWU4NGNlYWRmMThmN2VmZTM4NjBiMGZkYjZlMjdkNWE2YTdhZTcxZjp7fQ==','2014-09-29 01:49:50'),('sh84u12zlwk6ok5gb8ew1ucwjj1s0e09','MmE4YmRmY2ZjNWFlNjQzZmJiNGM3MzAzZmNmOWU3YjA3NzhkNGU3NDp7InVzZXJuYW1lIjoidXNlcjMifQ==','2014-10-01 05:21:26'),('sod0n0kcx6bmo2ytz5czs20teuprq5yz','ZWU4NGNlYWRmMThmN2VmZTM4NjBiMGZkYjZlMjdkNWE2YTdhZTcxZjp7fQ==','2014-09-29 03:19:17'),('soqua9626qh1pe8j9e9htkd9ktdv74ld','ZWU4NGNlYWRmMThmN2VmZTM4NjBiMGZkYjZlMjdkNWE2YTdhZTcxZjp7fQ==','2014-09-29 19:10:10'),('ss2rz196vm97n2qldhnknafbv9y1ujc9','OWE5NTZhOGVkY2E5ZjNmYmYxZjRjYzU1ZTJmZWRkNmVjZTkxZmM3ZDp7InVzZXJuYW1lIjoidXNlcjMifQ==','2014-09-29 01:57:46'),('ss6t69lu0gd6tlpyq8xt2m4eqe280wr1','ZWU4NGNlYWRmMThmN2VmZTM4NjBiMGZkYjZlMjdkNWE2YTdhZTcxZjp7fQ==','2014-09-29 17:36:17'),('sser07vpgfw33yo64z1smd6n9srysmme','OWE5NTZhOGVkY2E5ZjNmYmYxZjRjYzU1ZTJmZWRkNmVjZTkxZmM3ZDp7InVzZXJuYW1lIjoidXNlcjMifQ==','2014-09-29 03:15:30'),('ssogf3xm2iqeegl6cgivgfpwcozmbong','ZWU4NGNlYWRmMThmN2VmZTM4NjBiMGZkYjZlMjdkNWE2YTdhZTcxZjp7fQ==','2014-09-30 01:34:58'),('st78s6l9f80uy95kxnfq50cz6n1lm9n2','ZWU4NGNlYWRmMThmN2VmZTM4NjBiMGZkYjZlMjdkNWE2YTdhZTcxZjp7fQ==','2014-09-29 03:20:42'),('sukbtzz6vcy4zgff3dfdl0g5z0vmdrlw','ZWU4NGNlYWRmMThmN2VmZTM4NjBiMGZkYjZlMjdkNWE2YTdhZTcxZjp7fQ==','2014-09-30 02:30:43'),('svn5293e9cbnpfbn8mijjqg664nf6q6y','ZWU4NGNlYWRmMThmN2VmZTM4NjBiMGZkYjZlMjdkNWE2YTdhZTcxZjp7fQ==','2014-09-30 01:36:41'),('sw8l6n0le3y68raf5ix39hbuti7hwvbg','ZWU4NGNlYWRmMThmN2VmZTM4NjBiMGZkYjZlMjdkNWE2YTdhZTcxZjp7fQ==','2014-09-30 03:17:49'),('t0bal6dllvsf6626btxeiqe53z9pc5bs','ZWU4NGNlYWRmMThmN2VmZTM4NjBiMGZkYjZlMjdkNWE2YTdhZTcxZjp7fQ==','2014-09-30 01:21:59'),('t0xiaqx33crsxwu15lu6m5fi1z3ablmr','ZWU4NGNlYWRmMThmN2VmZTM4NjBiMGZkYjZlMjdkNWE2YTdhZTcxZjp7fQ==','2014-09-29 02:24:25'),('t13vulv2v23tibqspwjr8c1b6pqxfynz','ZWU4NGNlYWRmMThmN2VmZTM4NjBiMGZkYjZlMjdkNWE2YTdhZTcxZjp7fQ==','2014-09-29 01:02:43'),('t2wt3jg9yjm5c9iyqcm3ftqcdtwdn6iz','OWE5NTZhOGVkY2E5ZjNmYmYxZjRjYzU1ZTJmZWRkNmVjZTkxZmM3ZDp7InVzZXJuYW1lIjoidXNlcjMifQ==','2014-09-29 18:42:03'),('t31mfelw9gtmqhp3ij45px43zox2e4dw','ZWU4NGNlYWRmMThmN2VmZTM4NjBiMGZkYjZlMjdkNWE2YTdhZTcxZjp7fQ==','2014-09-30 01:39:00'),('t37cq0bl4fspk8brzzu6iivuhqh9slkw','ZWU4NGNlYWRmMThmN2VmZTM4NjBiMGZkYjZlMjdkNWE2YTdhZTcxZjp7fQ==','2014-09-30 01:17:25'),('t3baqxxcbxow3qmeewsigpcx4tk9t0h0','ZWU4NGNlYWRmMThmN2VmZTM4NjBiMGZkYjZlMjdkNWE2YTdhZTcxZjp7fQ==','2014-09-30 01:39:02'),('t6p1oqpgme5v2npq162edi6aewcjiijm','ZWU4NGNlYWRmMThmN2VmZTM4NjBiMGZkYjZlMjdkNWE2YTdhZTcxZjp7fQ==','2014-09-30 01:31:38'),('t6ui1nh6ctctuj3ii4io5mo8iniglcn0','ZWU4NGNlYWRmMThmN2VmZTM4NjBiMGZkYjZlMjdkNWE2YTdhZTcxZjp7fQ==','2014-09-28 05:10:15'),('t826qwxnl4f4hapty1xzhwxdep1qkss2','ZWU4NGNlYWRmMThmN2VmZTM4NjBiMGZkYjZlMjdkNWE2YTdhZTcxZjp7fQ==','2014-09-28 04:18:27'),('t8p1oniavjp4g0yxamonbrdpllg8eyxe','ZWU4NGNlYWRmMThmN2VmZTM4NjBiMGZkYjZlMjdkNWE2YTdhZTcxZjp7fQ==','2014-09-29 01:17:55'),('ta83v2l68n5tpdx9h665h3h68q2ckxhe','ZWU4NGNlYWRmMThmN2VmZTM4NjBiMGZkYjZlMjdkNWE2YTdhZTcxZjp7fQ==','2014-09-29 03:37:28'),('tbjracj14ltfohijb8pz8doqzipr4rwh','ZWU4NGNlYWRmMThmN2VmZTM4NjBiMGZkYjZlMjdkNWE2YTdhZTcxZjp7fQ==','2014-09-30 01:38:35'),('tbv0peu178li6pecy9uvrc1wpcz18u0t','ZWU4NGNlYWRmMThmN2VmZTM4NjBiMGZkYjZlMjdkNWE2YTdhZTcxZjp7fQ==','2014-09-29 18:46:07'),('tc3d5bcdyexqzgtbgb7a2g4r2cn6464f','ZWU4NGNlYWRmMThmN2VmZTM4NjBiMGZkYjZlMjdkNWE2YTdhZTcxZjp7fQ==','2014-09-29 03:15:33'),('tdxa4yk1eqa85ypbcsfyb35znxx0kjvo','ZWU4NGNlYWRmMThmN2VmZTM4NjBiMGZkYjZlMjdkNWE2YTdhZTcxZjp7fQ==','2014-09-28 04:20:11'),('tgepcyi18gvgihh6uzqowk49kjlav15n','ZWU4NGNlYWRmMThmN2VmZTM4NjBiMGZkYjZlMjdkNWE2YTdhZTcxZjp7fQ==','2014-09-29 01:18:30'),('thc8saz7jnq9bazaofg50pknhc2ozops','ZWU4NGNlYWRmMThmN2VmZTM4NjBiMGZkYjZlMjdkNWE2YTdhZTcxZjp7fQ==','2014-09-30 01:18:04'),('thpb53h8ivuoxwdczy0s9gudgtby3bez','ZWU4NGNlYWRmMThmN2VmZTM4NjBiMGZkYjZlMjdkNWE2YTdhZTcxZjp7fQ==','2014-10-01 01:47:19'),('thwhkl86pnh4xxeztf9duc6df3tvum9r','ZWU4NGNlYWRmMThmN2VmZTM4NjBiMGZkYjZlMjdkNWE2YTdhZTcxZjp7fQ==','2014-09-30 01:21:22'),('tiyhwyeoiiyj2vem80yrdvmhd2rgk3h5','ZWU4NGNlYWRmMThmN2VmZTM4NjBiMGZkYjZlMjdkNWE2YTdhZTcxZjp7fQ==','2014-09-30 01:46:29'),('tmnf0ynast6nqs1489tehqq58vs2lp5u','ZjFjZDc1OGI5NTZkMzRmNjY4NTY4ODBkN2E0MGJjYzVjOGZhNDZlMTp7InVzZXJuYW1lIjoidXNlcjEifQ==','2014-09-30 01:20:54'),('tncr6yomckg4vu1b4pavidnwyqw4kewa','ZWU4NGNlYWRmMThmN2VmZTM4NjBiMGZkYjZlMjdkNWE2YTdhZTcxZjp7fQ==','2014-09-29 01:04:07'),('tp47fckaoa73b8jrrj1eunx3qjg6lwyf','ZWU4NGNlYWRmMThmN2VmZTM4NjBiMGZkYjZlMjdkNWE2YTdhZTcxZjp7fQ==','2014-09-29 01:02:52'),('tpu0q2h8206ed1p0zog903bw22rrx338','ZWU4NGNlYWRmMThmN2VmZTM4NjBiMGZkYjZlMjdkNWE2YTdhZTcxZjp7fQ==','2014-09-29 03:19:21'),('tvok3ek4jv0ev8akcjtw8bxtk27bm8lp','ZWU4NGNlYWRmMThmN2VmZTM4NjBiMGZkYjZlMjdkNWE2YTdhZTcxZjp7fQ==','2014-09-29 18:42:54'),('tvqyedj5rtcfpp3cegs0m4cdz624i5sd','ZWU4NGNlYWRmMThmN2VmZTM4NjBiMGZkYjZlMjdkNWE2YTdhZTcxZjp7fQ==','2014-09-30 01:22:13'),('tvvng4w01rng6kvixyw48nrsect78fx9','ZWU4NGNlYWRmMThmN2VmZTM4NjBiMGZkYjZlMjdkNWE2YTdhZTcxZjp7fQ==','2014-09-30 01:34:49'),('twa9hk3mszd9w1cilzbb6nk0g2e9n20z','ZWU4NGNlYWRmMThmN2VmZTM4NjBiMGZkYjZlMjdkNWE2YTdhZTcxZjp7fQ==','2014-09-29 03:16:44'),('txuweddmlmd3ki2j4vqvudf60ir7azco','ZWU4NGNlYWRmMThmN2VmZTM4NjBiMGZkYjZlMjdkNWE2YTdhZTcxZjp7fQ==','2014-09-29 01:20:25'),('u03sz92olvpdtampqxv2z3b2f2poiwqu','ZWU4NGNlYWRmMThmN2VmZTM4NjBiMGZkYjZlMjdkNWE2YTdhZTcxZjp7fQ==','2014-09-30 01:47:15'),('u0vqw3h7qkp4h4cdpkddk4vhb3cn8e1y','ZWU4NGNlYWRmMThmN2VmZTM4NjBiMGZkYjZlMjdkNWE2YTdhZTcxZjp7fQ==','2014-09-30 01:46:33'),('u3hvhal5lb2vuj9bl72qzev9kxu0n0g7','ZWU4NGNlYWRmMThmN2VmZTM4NjBiMGZkYjZlMjdkNWE2YTdhZTcxZjp7fQ==','2014-10-01 01:16:25'),('u5hx2kz7iwico69b43haety8zdpg4173','ZWU4NGNlYWRmMThmN2VmZTM4NjBiMGZkYjZlMjdkNWE2YTdhZTcxZjp7fQ==','2014-09-29 03:19:17'),('u5xb3th30uz668j97u24gq0kwtgoyqzu','ZWU4NGNlYWRmMThmN2VmZTM4NjBiMGZkYjZlMjdkNWE2YTdhZTcxZjp7fQ==','2014-10-01 01:17:00'),('u8irgkkz09zkufp264wuucmqhmh18x99','ZWU4NGNlYWRmMThmN2VmZTM4NjBiMGZkYjZlMjdkNWE2YTdhZTcxZjp7fQ==','2014-09-29 05:06:27'),('ub1sbjbmcjrq6modpwysyw8hu8uj0eob','ZWU4NGNlYWRmMThmN2VmZTM4NjBiMGZkYjZlMjdkNWE2YTdhZTcxZjp7fQ==','2014-09-29 03:19:14'),('ublpsmnj3ahs5ku27q5f4unc4dlxeo7b','ZWU4NGNlYWRmMThmN2VmZTM4NjBiMGZkYjZlMjdkNWE2YTdhZTcxZjp7fQ==','2014-09-28 04:19:17'),('ucmihi4nm00k6desxmznv941xo5dtlvn','ZWU4NGNlYWRmMThmN2VmZTM4NjBiMGZkYjZlMjdkNWE2YTdhZTcxZjp7fQ==','2014-09-28 05:16:47'),('ucypu5treuuqtbessdkjbb1k1r6u2mh8','ZWU4NGNlYWRmMThmN2VmZTM4NjBiMGZkYjZlMjdkNWE2YTdhZTcxZjp7fQ==','2014-09-30 01:34:58'),('udssry54qn5pukenptbn488tbybotf3s','ZWU4NGNlYWRmMThmN2VmZTM4NjBiMGZkYjZlMjdkNWE2YTdhZTcxZjp7fQ==','2014-09-29 18:46:55'),('ueh371xhjb7uyafl4xw8w07ptd012607','MjZlNmNmNTE1MmQ5NTQ5ZTE1ZmIzZTc2ZGU5OWE3MjMxYmQzMzE3NDp7InVzZXJuYW1lIjoidXNlcjEifQ==','2014-10-01 05:41:09'),('uf2c4bvqxh1to0b6cvga2scmdynx9i3i','ZWU4NGNlYWRmMThmN2VmZTM4NjBiMGZkYjZlMjdkNWE2YTdhZTcxZjp7fQ==','2014-09-29 03:19:14'),('ufd1bg4xftmljf8q1407ee4bxvhmlr5c','OWE5NTZhOGVkY2E5ZjNmYmYxZjRjYzU1ZTJmZWRkNmVjZTkxZmM3ZDp7InVzZXJuYW1lIjoidXNlcjMifQ==','2014-09-30 02:13:16'),('ufhirvgrinsu6opmwva0z61lgvtngm50','ZWU4NGNlYWRmMThmN2VmZTM4NjBiMGZkYjZlMjdkNWE2YTdhZTcxZjp7fQ==','2014-09-29 18:56:14'),('ugryjbot0l0yu1rsclu1bu1ad3qh8t4o','ZWU4NGNlYWRmMThmN2VmZTM4NjBiMGZkYjZlMjdkNWE2YTdhZTcxZjp7fQ==','2014-09-28 05:18:44'),('ugyqmstuwgt5mlm0df5dat4kke434fhq','ZWU4NGNlYWRmMThmN2VmZTM4NjBiMGZkYjZlMjdkNWE2YTdhZTcxZjp7fQ==','2014-09-28 05:07:33'),('uhlc1tnz69raa07bgvpdh11zni4xhu9p','OWE5NTZhOGVkY2E5ZjNmYmYxZjRjYzU1ZTJmZWRkNmVjZTkxZmM3ZDp7InVzZXJuYW1lIjoidXNlcjMifQ==','2014-09-29 03:27:57'),('ui15u1s8ohvq7l54r6q5jliqf7ozw7cq','ZWU4NGNlYWRmMThmN2VmZTM4NjBiMGZkYjZlMjdkNWE2YTdhZTcxZjp7fQ==','2014-09-28 05:16:48'),('uiepyb2z1h070cj7139dv6ivkp0ua5x7','ZWU4NGNlYWRmMThmN2VmZTM4NjBiMGZkYjZlMjdkNWE2YTdhZTcxZjp7fQ==','2014-09-28 05:10:15'),('uikimc6ce7m8hv7wj2ei977r79xqm034','ZWU4NGNlYWRmMThmN2VmZTM4NjBiMGZkYjZlMjdkNWE2YTdhZTcxZjp7fQ==','2014-09-29 01:52:39'),('uiyl7e9irz8oyiuvvanqibfox1ajth3s','ZWU4NGNlYWRmMThmN2VmZTM4NjBiMGZkYjZlMjdkNWE2YTdhZTcxZjp7fQ==','2014-09-29 05:12:07'),('ukjkl29dis4qna8zfosru8vhk56v0sjs','ZWU4NGNlYWRmMThmN2VmZTM4NjBiMGZkYjZlMjdkNWE2YTdhZTcxZjp7fQ==','2014-09-29 03:19:19'),('ukx5z83tevtepfsx97x49hgqyol5noyd','ZWU4NGNlYWRmMThmN2VmZTM4NjBiMGZkYjZlMjdkNWE2YTdhZTcxZjp7fQ==','2014-09-28 04:13:48'),('upfu1nw3llzlizfz5db6brdbktesrx1d','ZWU4NGNlYWRmMThmN2VmZTM4NjBiMGZkYjZlMjdkNWE2YTdhZTcxZjp7fQ==','2014-09-29 01:52:12'),('uq8ncdqdvepnvqrq2n6ifjg4fgvnmbtb','ZWU4NGNlYWRmMThmN2VmZTM4NjBiMGZkYjZlMjdkNWE2YTdhZTcxZjp7fQ==','2014-09-28 04:19:17'),('usapg4a334p79yp2ckdkzn4iwpjzxzfw','ZWU4NGNlYWRmMThmN2VmZTM4NjBiMGZkYjZlMjdkNWE2YTdhZTcxZjp7fQ==','2014-09-29 02:32:32'),('usuoney02ncoobvj5iqudi5xf0go5fs3','ZWU4NGNlYWRmMThmN2VmZTM4NjBiMGZkYjZlMjdkNWE2YTdhZTcxZjp7fQ==','2014-09-30 01:59:37'),('uwkvsagj4qvrvo0k702u8om8d33abxyk','ZWU4NGNlYWRmMThmN2VmZTM4NjBiMGZkYjZlMjdkNWE2YTdhZTcxZjp7fQ==','2014-09-28 05:13:22'),('uygpkt2ywbnq8u4rxcqr1ny0ilnnnvw3','ZWU4NGNlYWRmMThmN2VmZTM4NjBiMGZkYjZlMjdkNWE2YTdhZTcxZjp7fQ==','2014-09-30 01:47:15'),('uyzvo6g5o7h1k1wo9vcyqyoxirr1xgdt','ZWU4NGNlYWRmMThmN2VmZTM4NjBiMGZkYjZlMjdkNWE2YTdhZTcxZjp7fQ==','2014-09-30 01:33:28'),('uzex7e2cdqf5r0cwx8wnko30zw1w4rih','ZWU4NGNlYWRmMThmN2VmZTM4NjBiMGZkYjZlMjdkNWE2YTdhZTcxZjp7fQ==','2014-09-30 01:39:00'),('uzigth2394jaawjr85jqr6tbxyqkai2u','ZWU4NGNlYWRmMThmN2VmZTM4NjBiMGZkYjZlMjdkNWE2YTdhZTcxZjp7fQ==','2014-09-30 01:46:29'),('v1kouy950exai7flaimqy7bhxlz0qevh','ZWU4NGNlYWRmMThmN2VmZTM4NjBiMGZkYjZlMjdkNWE2YTdhZTcxZjp7fQ==','2014-09-29 03:28:02'),('v3dfn9aagfvz6pyl7tq521qjfrn0co91','ZWU4NGNlYWRmMThmN2VmZTM4NjBiMGZkYjZlMjdkNWE2YTdhZTcxZjp7fQ==','2014-09-29 03:23:58'),('v52ljk1nvrysal07otkbepqp9vyw3468','ZWU4NGNlYWRmMThmN2VmZTM4NjBiMGZkYjZlMjdkNWE2YTdhZTcxZjp7fQ==','2014-09-29 18:49:23'),('v7ob0eig8xn52i78dl55vi4gjk3k5obr','ZjFjZDc1OGI5NTZkMzRmNjY4NTY4ODBkN2E0MGJjYzVjOGZhNDZlMTp7InVzZXJuYW1lIjoidXNlcjEifQ==','2014-09-30 01:20:54'),('v85dgpukamq0rlhx38rptkf21nqthory','ZWU4NGNlYWRmMThmN2VmZTM4NjBiMGZkYjZlMjdkNWE2YTdhZTcxZjp7fQ==','2014-09-30 01:59:46'),('var31h6y6th2lf4gxod8pqyh4sydr2o7','ZWU4NGNlYWRmMThmN2VmZTM4NjBiMGZkYjZlMjdkNWE2YTdhZTcxZjp7fQ==','2014-10-01 01:29:39'),('vav0pobk0s4reo8rlis8qfaqnifluv73','ZWU4NGNlYWRmMThmN2VmZTM4NjBiMGZkYjZlMjdkNWE2YTdhZTcxZjp7fQ==','2014-09-30 01:37:22'),('vbqpx7oyswvjzihnuwwd2aire86qtntc','ZWU4NGNlYWRmMThmN2VmZTM4NjBiMGZkYjZlMjdkNWE2YTdhZTcxZjp7fQ==','2014-09-30 01:38:31'),('vclo0g5xfla28as6luvcmyv6b33c3j28','ZWU4NGNlYWRmMThmN2VmZTM4NjBiMGZkYjZlMjdkNWE2YTdhZTcxZjp7fQ==','2014-10-01 01:45:33'),('vdjm1r8jq2r6kf899abil8299vyizwwp','ZWU4NGNlYWRmMThmN2VmZTM4NjBiMGZkYjZlMjdkNWE2YTdhZTcxZjp7fQ==','2014-09-30 01:37:52'),('vdqtaqlymbmiu1x7b9mp3vy8zemdeuap','ZWU4NGNlYWRmMThmN2VmZTM4NjBiMGZkYjZlMjdkNWE2YTdhZTcxZjp7fQ==','2014-09-30 01:20:20'),('veasy3c0ev1p1ab5l0youow40oi6r8g7','ZWU4NGNlYWRmMThmN2VmZTM4NjBiMGZkYjZlMjdkNWE2YTdhZTcxZjp7fQ==','2014-09-30 01:40:18'),('vecgasn24wv0lkvlp29povzpkrved81i','ZWU4NGNlYWRmMThmN2VmZTM4NjBiMGZkYjZlMjdkNWE2YTdhZTcxZjp7fQ==','2014-09-30 01:37:18'),('vg39uznoirxgtmt1z9ky79xrgxntmizy','ZWU4NGNlYWRmMThmN2VmZTM4NjBiMGZkYjZlMjdkNWE2YTdhZTcxZjp7fQ==','2014-09-29 01:53:32'),('vhrztllll9oygrb5hur2g56m1wmpw4fc','OWE5NTZhOGVkY2E5ZjNmYmYxZjRjYzU1ZTJmZWRkNmVjZTkxZmM3ZDp7InVzZXJuYW1lIjoidXNlcjMifQ==','2014-09-29 03:13:58'),('vj3zmrcisnpi60qf5o4x2f65yjlezu11','ZWU4NGNlYWRmMThmN2VmZTM4NjBiMGZkYjZlMjdkNWE2YTdhZTcxZjp7fQ==','2014-09-28 05:09:33'),('vkc290g5pzf164rivszqkijjyzawd321','ZWU4NGNlYWRmMThmN2VmZTM4NjBiMGZkYjZlMjdkNWE2YTdhZTcxZjp7fQ==','2014-09-28 05:07:33'),('vle3ifjnr3ux924o829cjd01zn9xv6u4','ZWU4NGNlYWRmMThmN2VmZTM4NjBiMGZkYjZlMjdkNWE2YTdhZTcxZjp7fQ==','2014-09-29 18:50:22'),('vlrqlukizhr7voa8doxmepn58ka0qlxf','ZWU4NGNlYWRmMThmN2VmZTM4NjBiMGZkYjZlMjdkNWE2YTdhZTcxZjp7fQ==','2014-09-30 01:22:44'),('vlxag68ajln4hq56h8sjbbm9fmmcygva','ZWU4NGNlYWRmMThmN2VmZTM4NjBiMGZkYjZlMjdkNWE2YTdhZTcxZjp7fQ==','2014-09-29 01:52:36'),('vmm2xrvyoqm922uszhff8iof81z6m1w6','ZWU4NGNlYWRmMThmN2VmZTM4NjBiMGZkYjZlMjdkNWE2YTdhZTcxZjp7fQ==','2014-09-29 03:08:50'),('vn20vkuhoipen1nb3tka0jft5i6srx9c','OWE5NTZhOGVkY2E5ZjNmYmYxZjRjYzU1ZTJmZWRkNmVjZTkxZmM3ZDp7InVzZXJuYW1lIjoidXNlcjMifQ==','2014-09-30 02:30:42'),('vordtcfu26tfg8fwlao8hrmwpm44amra','ZWU4NGNlYWRmMThmN2VmZTM4NjBiMGZkYjZlMjdkNWE2YTdhZTcxZjp7fQ==','2014-09-29 17:33:29'),('vrqv83rv3jgrhvnrcbm8rpwyabhxye2l','ZWU4NGNlYWRmMThmN2VmZTM4NjBiMGZkYjZlMjdkNWE2YTdhZTcxZjp7fQ==','2014-09-29 18:50:15'),('vsiq9veucpgtri4txeh7p9hig8yfks0g','ZWU4NGNlYWRmMThmN2VmZTM4NjBiMGZkYjZlMjdkNWE2YTdhZTcxZjp7fQ==','2014-09-29 03:14:36'),('vszxsmocy9g7fu1t8qkrzr0qyzo1u9cy','ZWU4NGNlYWRmMThmN2VmZTM4NjBiMGZkYjZlMjdkNWE2YTdhZTcxZjp7fQ==','2014-09-29 18:50:15'),('vumuhd112dsgt4q4lecy4cgylald3bij','OWE5NTZhOGVkY2E5ZjNmYmYxZjRjYzU1ZTJmZWRkNmVjZTkxZmM3ZDp7InVzZXJuYW1lIjoidXNlcjMifQ==','2014-09-29 03:16:32'),('vuyiq3gu0gk1d4i672y2t0ke66ytd9dk','ZWU4NGNlYWRmMThmN2VmZTM4NjBiMGZkYjZlMjdkNWE2YTdhZTcxZjp7fQ==','2014-09-30 02:11:37'),('vvr74yyiuwpinapfyb6yvxy236nik7sn','ZWU4NGNlYWRmMThmN2VmZTM4NjBiMGZkYjZlMjdkNWE2YTdhZTcxZjp7fQ==','2014-09-29 03:08:54'),('vw3n0plw94sg2n88jd8t79l3cgasihpg','ZWU4NGNlYWRmMThmN2VmZTM4NjBiMGZkYjZlMjdkNWE2YTdhZTcxZjp7fQ==','2014-09-30 01:16:18'),('vw47tl7aitq6na2q390zn73oaipaxhhg','ZWU4NGNlYWRmMThmN2VmZTM4NjBiMGZkYjZlMjdkNWE2YTdhZTcxZjp7fQ==','2014-09-30 01:47:16'),('vw6cgliplzxf3hzuf9k988zeazui3ggx','ZWU4NGNlYWRmMThmN2VmZTM4NjBiMGZkYjZlMjdkNWE2YTdhZTcxZjp7fQ==','2014-09-30 01:22:56'),('vwy2hj0o8khufkmxlcjz2rdyngwj796f','ZWU4NGNlYWRmMThmN2VmZTM4NjBiMGZkYjZlMjdkNWE2YTdhZTcxZjp7fQ==','2014-09-30 01:46:32'),('vx8fedqt921t0c7brx4fkqdux8o9ab34','ZWU4NGNlYWRmMThmN2VmZTM4NjBiMGZkYjZlMjdkNWE2YTdhZTcxZjp7fQ==','2014-09-30 02:09:33'),('w0pmdnfl3orb9hvboosdt01osflrbk4a','ZWU4NGNlYWRmMThmN2VmZTM4NjBiMGZkYjZlMjdkNWE2YTdhZTcxZjp7fQ==','2014-09-29 19:30:02'),('w29l5ge4a5rhso53d758jm8gaev068og','ZWU4NGNlYWRmMThmN2VmZTM4NjBiMGZkYjZlMjdkNWE2YTdhZTcxZjp7fQ==','2014-09-28 05:10:15'),('w2c0cb3mfnc4zjp552julq9t3jookm52','ZWU4NGNlYWRmMThmN2VmZTM4NjBiMGZkYjZlMjdkNWE2YTdhZTcxZjp7fQ==','2014-09-30 01:23:28'),('w4nmlv3jbwwfalfj7d4jynwkccdnnhn6','ZWU4NGNlYWRmMThmN2VmZTM4NjBiMGZkYjZlMjdkNWE2YTdhZTcxZjp7fQ==','2014-09-30 01:21:43'),('w5b4na2g7uhm7aknjlg3m6xmd4xf0u6d','ZWU4NGNlYWRmMThmN2VmZTM4NjBiMGZkYjZlMjdkNWE2YTdhZTcxZjp7fQ==','2014-09-29 01:04:07'),('w7unerddsjhtejy6ophylq351q9h2wcx','ZWU4NGNlYWRmMThmN2VmZTM4NjBiMGZkYjZlMjdkNWE2YTdhZTcxZjp7fQ==','2014-09-29 02:24:23'),('wbxxbyr1z7rmdtq1by7cmpitduv2ej1t','ZWU4NGNlYWRmMThmN2VmZTM4NjBiMGZkYjZlMjdkNWE2YTdhZTcxZjp7fQ==','2014-09-30 01:36:43'),('wdlg27zs2mlva779mfdzp7xjdv0taw9n','OWE5NTZhOGVkY2E5ZjNmYmYxZjRjYzU1ZTJmZWRkNmVjZTkxZmM3ZDp7InVzZXJuYW1lIjoidXNlcjMifQ==','2014-09-30 02:13:15'),('wfxw4xtgoa26ew3e1xv466cboi5jzo9l','ZWU4NGNlYWRmMThmN2VmZTM4NjBiMGZkYjZlMjdkNWE2YTdhZTcxZjp7fQ==','2014-09-29 03:21:15'),('wg9jyakoxawhiva96wju5ut3xpftgc7n','OWE5NTZhOGVkY2E5ZjNmYmYxZjRjYzU1ZTJmZWRkNmVjZTkxZmM3ZDp7InVzZXJuYW1lIjoidXNlcjMifQ==','2014-09-29 01:51:30'),('whoy776n5xbawy5xcqjqg6v7oaqkkbeq','ZWU4NGNlYWRmMThmN2VmZTM4NjBiMGZkYjZlMjdkNWE2YTdhZTcxZjp7fQ==','2014-09-30 01:34:59'),('whp0a5pqgv6rptlo65t1frifnhkfktnc','OWE5NTZhOGVkY2E5ZjNmYmYxZjRjYzU1ZTJmZWRkNmVjZTkxZmM3ZDp7InVzZXJuYW1lIjoidXNlcjMifQ==','2014-09-30 03:09:33'),('wk5izlkbm5at6jwwgnzu7udwes6bimsu','ZWU4NGNlYWRmMThmN2VmZTM4NjBiMGZkYjZlMjdkNWE2YTdhZTcxZjp7fQ==','2014-09-30 03:13:47'),('wm3hdmn23joyn740stz25nohrhfqqfg7','OWE5NTZhOGVkY2E5ZjNmYmYxZjRjYzU1ZTJmZWRkNmVjZTkxZmM3ZDp7InVzZXJuYW1lIjoidXNlcjMifQ==','2014-09-29 03:14:29'),('wrzgqauv4fb9vwlx3736etv704s1rnsi','ZWU4NGNlYWRmMThmN2VmZTM4NjBiMGZkYjZlMjdkNWE2YTdhZTcxZjp7fQ==','2014-09-30 03:13:47'),('wscrknp25cevx57i8rz0lw0j7odzkzvu','ZWU4NGNlYWRmMThmN2VmZTM4NjBiMGZkYjZlMjdkNWE2YTdhZTcxZjp7fQ==','2014-09-30 03:18:42'),('wui82m36o877jysfjksp88cxu45jkdqd','ZWU4NGNlYWRmMThmN2VmZTM4NjBiMGZkYjZlMjdkNWE2YTdhZTcxZjp7fQ==','2014-09-30 01:34:48'),('wwpl1wsliltbbaknjw9n8ct5ojod8vd6','ZWU4NGNlYWRmMThmN2VmZTM4NjBiMGZkYjZlMjdkNWE2YTdhZTcxZjp7fQ==','2014-09-30 01:46:32'),('wzduybbkrpkuveszaamjd3fbeso7in2s','ZWU4NGNlYWRmMThmN2VmZTM4NjBiMGZkYjZlMjdkNWE2YTdhZTcxZjp7fQ==','2014-09-29 01:04:08'),('wzfbicd5khb3eibojke80iib5k85aiz3','OWE5NTZhOGVkY2E5ZjNmYmYxZjRjYzU1ZTJmZWRkNmVjZTkxZmM3ZDp7InVzZXJuYW1lIjoidXNlcjMifQ==','2014-09-30 02:03:04'),('wzynkmnwlw1vgbada98mmv67a3su3dbi','ZjFjZDc1OGI5NTZkMzRmNjY4NTY4ODBkN2E0MGJjYzVjOGZhNDZlMTp7InVzZXJuYW1lIjoidXNlcjEifQ==','2014-09-30 01:31:26'),('x0ap50fufmeoqxrikj4yw1dh1e0urvuf','MmM0YTcwMjFjNDRlZmI4NjQ5ZmFkZDVkZGVkOTUxZWFmNmYzNWZiZjp7InVzZXJuYW1lIjoidXNlcjQifQ==','2014-10-01 05:52:14'),('x0bredn594ibs7ymthfftb2j08fopcnf','ZjFjZDc1OGI5NTZkMzRmNjY4NTY4ODBkN2E0MGJjYzVjOGZhNDZlMTp7InVzZXJuYW1lIjoidXNlcjEifQ==','2014-09-30 01:40:03'),('x2olxkn7xqsxnijgvpuumrznf6jav69q','ZWU4NGNlYWRmMThmN2VmZTM4NjBiMGZkYjZlMjdkNWE2YTdhZTcxZjp7fQ==','2014-09-29 18:50:22'),('x2qzxtbv30an3vi4zsmlmxraqy5k32ea','ZWU4NGNlYWRmMThmN2VmZTM4NjBiMGZkYjZlMjdkNWE2YTdhZTcxZjp7fQ==','2014-09-30 01:37:25'),('x3rjbvfw40xq89neshy93fsc0pgmw4l4','ZWU4NGNlYWRmMThmN2VmZTM4NjBiMGZkYjZlMjdkNWE2YTdhZTcxZjp7fQ==','2014-09-29 01:17:27'),('x58bzadt8wx1g0orgvbhlkgppeeuhdkd','ZWU4NGNlYWRmMThmN2VmZTM4NjBiMGZkYjZlMjdkNWE2YTdhZTcxZjp7fQ==','2014-09-28 04:18:02'),('x6261bgcpxihlwdmms10v1zurks7hcmb','ZWU4NGNlYWRmMThmN2VmZTM4NjBiMGZkYjZlMjdkNWE2YTdhZTcxZjp7fQ==','2014-09-29 17:33:52'),('x8s5i22ctq1eo86a88pf6cxgmdll55xd','ZWU4NGNlYWRmMThmN2VmZTM4NjBiMGZkYjZlMjdkNWE2YTdhZTcxZjp7fQ==','2014-09-30 01:36:10'),('x96fnbg5yq6x33zt02ysxv4siou8q5zf','OWE5NTZhOGVkY2E5ZjNmYmYxZjRjYzU1ZTJmZWRkNmVjZTkxZmM3ZDp7InVzZXJuYW1lIjoidXNlcjMifQ==','2014-09-30 03:14:18'),('xazy0z3fnq3wg7n2sn0xu0ly4s7if4u1','ZWU4NGNlYWRmMThmN2VmZTM4NjBiMGZkYjZlMjdkNWE2YTdhZTcxZjp7fQ==','2014-09-28 05:13:33'),('xc2ki04l6vbxojawts7eertjpu3a3tpg','ZjFjZDc1OGI5NTZkMzRmNjY4NTY4ODBkN2E0MGJjYzVjOGZhNDZlMTp7InVzZXJuYW1lIjoidXNlcjEifQ==','2014-09-30 01:38:29'),('xc4rzd9hws3th5o7xcna9dwmefvl7z08','ZWU4NGNlYWRmMThmN2VmZTM4NjBiMGZkYjZlMjdkNWE2YTdhZTcxZjp7fQ==','2014-09-30 01:21:19'),('xco1ejuac9t4sp89qruz9belhyogbsnv','ZWU4NGNlYWRmMThmN2VmZTM4NjBiMGZkYjZlMjdkNWE2YTdhZTcxZjp7fQ==','2014-09-29 03:14:39'),('xctmpd8cnx1z398dmpvj7cvvsy7kwayw','ZWU4NGNlYWRmMThmN2VmZTM4NjBiMGZkYjZlMjdkNWE2YTdhZTcxZjp7fQ==','2014-09-30 01:21:26'),('xee5z90ca7w4i11h1rit5nm98wwvv31l','ZWU4NGNlYWRmMThmN2VmZTM4NjBiMGZkYjZlMjdkNWE2YTdhZTcxZjp7fQ==','2014-09-29 18:11:32'),('xfdg9to4tvgd5z70lhpivtvtm6cgtogq','ZWU4NGNlYWRmMThmN2VmZTM4NjBiMGZkYjZlMjdkNWE2YTdhZTcxZjp7fQ==','2014-09-29 01:55:20'),('xg1q24c0f7opvuu114f8g0kxzqjs2ijm','OWE5NTZhOGVkY2E5ZjNmYmYxZjRjYzU1ZTJmZWRkNmVjZTkxZmM3ZDp7InVzZXJuYW1lIjoidXNlcjMifQ==','2014-09-30 03:09:33'),('xgid0m2sxt5altfshiph5cq6nxg2fswz','ZWU4NGNlYWRmMThmN2VmZTM4NjBiMGZkYjZlMjdkNWE2YTdhZTcxZjp7fQ==','2014-09-29 05:09:22'),('xgohxcdh1s885uaq6zhcasstb3x6lof8','ZWU4NGNlYWRmMThmN2VmZTM4NjBiMGZkYjZlMjdkNWE2YTdhZTcxZjp7fQ==','2014-09-28 04:20:10'),('xhp7zmizq7ul4uj192v3yrt9vkyukxix','ZWU4NGNlYWRmMThmN2VmZTM4NjBiMGZkYjZlMjdkNWE2YTdhZTcxZjp7fQ==','2014-09-30 01:34:44'),('xi99gtiassxfoakyr3vxq162tir1tbcn','ZWU4NGNlYWRmMThmN2VmZTM4NjBiMGZkYjZlMjdkNWE2YTdhZTcxZjp7fQ==','2014-09-29 01:02:43'),('xjk65z0wekkiralobrob8x359yhvpbnu','ZWU4NGNlYWRmMThmN2VmZTM4NjBiMGZkYjZlMjdkNWE2YTdhZTcxZjp7fQ==','2014-10-01 00:51:17'),('xmcxurxims8md6i2rv5knu3th0pvw56j','ZjFjZDc1OGI5NTZkMzRmNjY4NTY4ODBkN2E0MGJjYzVjOGZhNDZlMTp7InVzZXJuYW1lIjoidXNlcjEifQ==','2014-09-30 01:38:29'),('xn9j8bkbc1r538izxd161gfc70jn478j','ZWU4NGNlYWRmMThmN2VmZTM4NjBiMGZkYjZlMjdkNWE2YTdhZTcxZjp7fQ==','2014-09-29 01:52:12'),('xnis02x6yd5h70zt5dc844u59surtcdm','ZWU4NGNlYWRmMThmN2VmZTM4NjBiMGZkYjZlMjdkNWE2YTdhZTcxZjp7fQ==','2014-09-29 18:40:33'),('xoxkeg5wu77ct8xxdxvgx74dfamnahf9','OWE5NTZhOGVkY2E5ZjNmYmYxZjRjYzU1ZTJmZWRkNmVjZTkxZmM3ZDp7InVzZXJuYW1lIjoidXNlcjMifQ==','2014-09-29 03:31:23'),('xpqwhi2iasygf97e6cinop1igz74t76r','ZWU4NGNlYWRmMThmN2VmZTM4NjBiMGZkYjZlMjdkNWE2YTdhZTcxZjp7fQ==','2014-09-28 04:19:17'),('xqvpfnwshdvcvnucyb053wgktf8sozta','ZWU4NGNlYWRmMThmN2VmZTM4NjBiMGZkYjZlMjdkNWE2YTdhZTcxZjp7fQ==','2014-09-30 01:14:50'),('xra5otehl5j0rn3abrcy71y0yajp137m','OWE5NTZhOGVkY2E5ZjNmYmYxZjRjYzU1ZTJmZWRkNmVjZTkxZmM3ZDp7InVzZXJuYW1lIjoidXNlcjMifQ==','2014-09-30 03:17:44'),('xrbedrfif9myo6renownxqbg2181q3hr','ZWU4NGNlYWRmMThmN2VmZTM4NjBiMGZkYjZlMjdkNWE2YTdhZTcxZjp7fQ==','2014-09-30 01:21:15'),('xtsqrybb9t651tq8wr057o8w803wj084','ZWU4NGNlYWRmMThmN2VmZTM4NjBiMGZkYjZlMjdkNWE2YTdhZTcxZjp7fQ==','2014-09-29 18:46:15'),('xtt69xg5qtrfpy9bwfn5cj5vkf41qslg','ZWU4NGNlYWRmMThmN2VmZTM4NjBiMGZkYjZlMjdkNWE2YTdhZTcxZjp7fQ==','2014-09-30 01:46:29'),('xv2y2ksrll02gqsu541bekmv3eqbpayl','OWE5NTZhOGVkY2E5ZjNmYmYxZjRjYzU1ZTJmZWRkNmVjZTkxZmM3ZDp7InVzZXJuYW1lIjoidXNlcjMifQ==','2014-09-29 03:21:10'),('xvwmarqp3ewk6kuq0p2swc4eoer887s5','ZWU4NGNlYWRmMThmN2VmZTM4NjBiMGZkYjZlMjdkNWE2YTdhZTcxZjp7fQ==','2014-09-29 01:20:16'),('xxhd0z2rfqthdo9tlhje1rdo5dpihjph','ZWU4NGNlYWRmMThmN2VmZTM4NjBiMGZkYjZlMjdkNWE2YTdhZTcxZjp7fQ==','2014-09-30 01:20:14'),('xyf93ayg2bardodndr5xppy5ycag6f22','OWE5NTZhOGVkY2E5ZjNmYmYxZjRjYzU1ZTJmZWRkNmVjZTkxZmM3ZDp7InVzZXJuYW1lIjoidXNlcjMifQ==','2014-09-29 03:20:32'),('xyo9ap1q5xhw32op13f3q43ipequpuin','ZWU4NGNlYWRmMThmN2VmZTM4NjBiMGZkYjZlMjdkNWE2YTdhZTcxZjp7fQ==','2014-09-30 01:31:35'),('y0jqowdbww8fdfy5nge9uy0hsbnelc9v','OWE5NTZhOGVkY2E5ZjNmYmYxZjRjYzU1ZTJmZWRkNmVjZTkxZmM3ZDp7InVzZXJuYW1lIjoidXNlcjMifQ==','2014-09-29 03:23:52'),('y0r0upj4a5n08v2wzfzwmm046znjn5xt','ZWU4NGNlYWRmMThmN2VmZTM4NjBiMGZkYjZlMjdkNWE2YTdhZTcxZjp7fQ==','2014-09-29 04:18:55'),('y1mpii9nyn06a9ngq5aor7wb9fqycnyy','ZWU4NGNlYWRmMThmN2VmZTM4NjBiMGZkYjZlMjdkNWE2YTdhZTcxZjp7fQ==','2014-09-30 01:21:01'),('y2gxtvxrwej8f0iovszk3juy6vzbrrzt','ZWU4NGNlYWRmMThmN2VmZTM4NjBiMGZkYjZlMjdkNWE2YTdhZTcxZjp7fQ==','2014-09-29 01:02:00'),('y4bqcaq5i96xmj6mehnmsi0sjrayehr4','ZWU4NGNlYWRmMThmN2VmZTM4NjBiMGZkYjZlMjdkNWE2YTdhZTcxZjp7fQ==','2014-09-29 02:24:25'),('y5n1kt7z8prhq9jki61zq327m9n140ht','ZWU4NGNlYWRmMThmN2VmZTM4NjBiMGZkYjZlMjdkNWE2YTdhZTcxZjp7fQ==','2014-09-30 02:03:04'),('y5zqmsfmn205mhxfik74fhf16zxvu4y0','ZWU4NGNlYWRmMThmN2VmZTM4NjBiMGZkYjZlMjdkNWE2YTdhZTcxZjp7fQ==','2014-09-29 01:43:24'),('y6bgw313rxjcuzt5rwc9en00bsqfj7gf','OWE5NTZhOGVkY2E5ZjNmYmYxZjRjYzU1ZTJmZWRkNmVjZTkxZmM3ZDp7InVzZXJuYW1lIjoidXNlcjMifQ==','2014-09-30 03:17:45'),('y70ki001wt0nveww881vkanxkte7jp4q','MmE4YmRmY2ZjNWFlNjQzZmJiNGM3MzAzZmNmOWU3YjA3NzhkNGU3NDp7InVzZXJuYW1lIjoidXNlcjMifQ==','2014-10-01 05:21:30'),('y7tuijynf2ic0fl4sbd78a4jqlw4e3ew','ZWU4NGNlYWRmMThmN2VmZTM4NjBiMGZkYjZlMjdkNWE2YTdhZTcxZjp7fQ==','2014-09-30 01:14:50'),('ya33snciu7id6doughgnx5426bngu0t0','MmE4YmRmY2ZjNWFlNjQzZmJiNGM3MzAzZmNmOWU3YjA3NzhkNGU3NDp7InVzZXJuYW1lIjoidXNlcjMifQ==','2014-10-01 04:50:31'),('ya65lbcpp1n0oh69k89x053x829m3yiv','OWE5NTZhOGVkY2E5ZjNmYmYxZjRjYzU1ZTJmZWRkNmVjZTkxZmM3ZDp7InVzZXJuYW1lIjoidXNlcjMifQ==','2014-09-29 04:24:48'),('yaa8qta3od2vvsmv5zctys15d4cqe8ry','ZWU4NGNlYWRmMThmN2VmZTM4NjBiMGZkYjZlMjdkNWE2YTdhZTcxZjp7fQ==','2014-09-29 03:26:30'),('yb5vf3ywf7f246m24h380t672t5c7mf2','ZWU4NGNlYWRmMThmN2VmZTM4NjBiMGZkYjZlMjdkNWE2YTdhZTcxZjp7fQ==','2014-09-30 01:20:14'),('ybu6gpiisixy4k437fyj0ue7fqnh4bp7','ZWU4NGNlYWRmMThmN2VmZTM4NjBiMGZkYjZlMjdkNWE2YTdhZTcxZjp7fQ==','2014-09-28 04:18:32'),('yd7xdfhkf3f1b3v756atybjtotgv4lhj','ZWU4NGNlYWRmMThmN2VmZTM4NjBiMGZkYjZlMjdkNWE2YTdhZTcxZjp7fQ==','2014-09-29 02:32:31'),('yepfum5hckv6dfuh9ukeonx2b0zl7nc4','ZWU4NGNlYWRmMThmN2VmZTM4NjBiMGZkYjZlMjdkNWE2YTdhZTcxZjp7fQ==','2014-09-30 01:14:50'),('yf77ke9oor03oqw4abo29fs5heqp9wla','OWE5NTZhOGVkY2E5ZjNmYmYxZjRjYzU1ZTJmZWRkNmVjZTkxZmM3ZDp7InVzZXJuYW1lIjoidXNlcjMifQ==','2014-09-29 17:12:54'),('yg18jhw866vbm0kbm34syoqungtfu5vm','ZWU4NGNlYWRmMThmN2VmZTM4NjBiMGZkYjZlMjdkNWE2YTdhZTcxZjp7fQ==','2014-09-29 03:21:13'),('ygzimh5aif10zwnovw7eoscd0qivqk14','ZWU4NGNlYWRmMThmN2VmZTM4NjBiMGZkYjZlMjdkNWE2YTdhZTcxZjp7fQ==','2014-10-01 01:16:21'),('yh4cny2d1zp5kt2c9yujmglv8svfba88','ZWU4NGNlYWRmMThmN2VmZTM4NjBiMGZkYjZlMjdkNWE2YTdhZTcxZjp7fQ==','2014-09-29 01:02:47'),('yh7dhmqyem9km1etbh8tffrjjzomfe4a','ZWU4NGNlYWRmMThmN2VmZTM4NjBiMGZkYjZlMjdkNWE2YTdhZTcxZjp7fQ==','2014-09-29 01:52:36'),('yjwsvlm07m1qdnvkh29dfa6n80hn8pcj','ZWU4NGNlYWRmMThmN2VmZTM4NjBiMGZkYjZlMjdkNWE2YTdhZTcxZjp7fQ==','2014-09-29 01:04:07'),('ym639tx0khkj7kfjr6fkygwgmpmbwtjj','ZWU4NGNlYWRmMThmN2VmZTM4NjBiMGZkYjZlMjdkNWE2YTdhZTcxZjp7fQ==','2014-09-28 05:13:34'),('ymojzrjeu4zr6lztxiadbyyknm9lhjjq','ZWU4NGNlYWRmMThmN2VmZTM4NjBiMGZkYjZlMjdkNWE2YTdhZTcxZjp7fQ==','2014-09-30 01:16:07'),('ymtq2h7h29jwy6y24jjzb3y5ciasx1wx','ZWU4NGNlYWRmMThmN2VmZTM4NjBiMGZkYjZlMjdkNWE2YTdhZTcxZjp7fQ==','2014-09-29 02:02:53'),('yn2g93o73hi1svavfzo27wfwvdgz19cc','ZWU4NGNlYWRmMThmN2VmZTM4NjBiMGZkYjZlMjdkNWE2YTdhZTcxZjp7fQ==','2014-09-30 01:21:01'),('yn5ztk1hdylf5m27fdxte5iq5scgqall','ZWU4NGNlYWRmMThmN2VmZTM4NjBiMGZkYjZlMjdkNWE2YTdhZTcxZjp7fQ==','2014-09-28 04:18:31'),('yni5j6l94rij5d3qpb5mdv3kumddcn7x','OWE5NTZhOGVkY2E5ZjNmYmYxZjRjYzU1ZTJmZWRkNmVjZTkxZmM3ZDp7InVzZXJuYW1lIjoidXNlcjMifQ==','2014-09-29 03:27:57'),('yqkyabwep2hj8ygy2zlykom1clkppx6q','ZWU4NGNlYWRmMThmN2VmZTM4NjBiMGZkYjZlMjdkNWE2YTdhZTcxZjp7fQ==','2014-09-30 03:13:43'),('ysnb85blhm3qoyjf6weo80jo056i2haj','OWE5NTZhOGVkY2E5ZjNmYmYxZjRjYzU1ZTJmZWRkNmVjZTkxZmM3ZDp7InVzZXJuYW1lIjoidXNlcjMifQ==','2014-09-29 05:01:37'),('ytb8wronthrcsboqoze8ygbfrfzw263c','ZWU4NGNlYWRmMThmN2VmZTM4NjBiMGZkYjZlMjdkNWE2YTdhZTcxZjp7fQ==','2014-09-28 04:11:05'),('ytjrnt6iyjxzb20ugprci62fmwjzrong','OWE5NTZhOGVkY2E5ZjNmYmYxZjRjYzU1ZTJmZWRkNmVjZTkxZmM3ZDp7InVzZXJuYW1lIjoidXNlcjMifQ==','2014-09-30 01:36:35'),('yvmzxd041tpwtw9homg25fn1nnv5x8n3','ZWU4NGNlYWRmMThmN2VmZTM4NjBiMGZkYjZlMjdkNWE2YTdhZTcxZjp7fQ==','2014-09-28 05:10:15'),('ywvboexcuisnjwz8dycmyaid7w6o537l','ZWU4NGNlYWRmMThmN2VmZTM4NjBiMGZkYjZlMjdkNWE2YTdhZTcxZjp7fQ==','2014-09-29 19:30:02'),('yxeuds25ih46075v12z4uyyhz7nee8tv','ZWU4NGNlYWRmMThmN2VmZTM4NjBiMGZkYjZlMjdkNWE2YTdhZTcxZjp7fQ==','2014-09-28 05:07:33'),('yyoyx1szmew4621uo90m5v2afwciqvgp','ZWU4NGNlYWRmMThmN2VmZTM4NjBiMGZkYjZlMjdkNWE2YTdhZTcxZjp7fQ==','2014-09-29 01:20:02'),('z1zt4mu1coev9k9xplaxgcht40p5jhai','ZWU4NGNlYWRmMThmN2VmZTM4NjBiMGZkYjZlMjdkNWE2YTdhZTcxZjp7fQ==','2014-09-28 05:10:14'),('z28lks2ipc10jpxnbs2vs2xlwxlv0h26','ZWU4NGNlYWRmMThmN2VmZTM4NjBiMGZkYjZlMjdkNWE2YTdhZTcxZjp7fQ==','2014-09-30 01:16:06'),('z2fkf1cpxv3a66h3exlq5981q6cp52hl','ZjFjZDc1OGI5NTZkMzRmNjY4NTY4ODBkN2E0MGJjYzVjOGZhNDZlMTp7InVzZXJuYW1lIjoidXNlcjEifQ==','2014-09-30 01:40:10'),('z4k8qj265ei9ly2dfb4yf9wizwthnjb6','ZWU4NGNlYWRmMThmN2VmZTM4NjBiMGZkYjZlMjdkNWE2YTdhZTcxZjp7fQ==','2014-09-29 02:44:12'),('z4px65si86bd3hia4l9h60w8e4w1qe27','OWE5NTZhOGVkY2E5ZjNmYmYxZjRjYzU1ZTJmZWRkNmVjZTkxZmM3ZDp7InVzZXJuYW1lIjoidXNlcjMifQ==','2014-10-01 01:32:28'),('z4r2orf9i7sxzftbk9i866rxcr8ufr7y','MmE4YmRmY2ZjNWFlNjQzZmJiNGM3MzAzZmNmOWU3YjA3NzhkNGU3NDp7InVzZXJuYW1lIjoidXNlcjMifQ==','2014-10-01 05:39:23'),('z4uqaccsv0yiqx891fx851csnai851k3','ZWU4NGNlYWRmMThmN2VmZTM4NjBiMGZkYjZlMjdkNWE2YTdhZTcxZjp7fQ==','2014-09-30 01:22:56'),('z6qe5c72mnp6zw9woolchp5p37yicb4l','ZjFjZDc1OGI5NTZkMzRmNjY4NTY4ODBkN2E0MGJjYzVjOGZhNDZlMTp7InVzZXJuYW1lIjoidXNlcjEifQ==','2014-09-30 01:20:54'),('z8hfgfgj4s4swywzhxs74tl5ah6ys3wc','ZWU4NGNlYWRmMThmN2VmZTM4NjBiMGZkYjZlMjdkNWE2YTdhZTcxZjp7fQ==','2014-09-29 01:02:57'),('zax9oxjtrd280b88hvxuzbcn3fwm1v1d','ZWU4NGNlYWRmMThmN2VmZTM4NjBiMGZkYjZlMjdkNWE2YTdhZTcxZjp7fQ==','2014-09-28 04:19:54'),('zbeuocast7g5nv15w9nclpcw37qt53p1','ZWU4NGNlYWRmMThmN2VmZTM4NjBiMGZkYjZlMjdkNWE2YTdhZTcxZjp7fQ==','2014-09-29 03:20:42'),('zc2j292uxz821aatzh10xwxl44es2394','ZWU4NGNlYWRmMThmN2VmZTM4NjBiMGZkYjZlMjdkNWE2YTdhZTcxZjp7fQ==','2014-09-30 01:40:18'),('zc39uw7i6hwi9i9ai1kyr875vqfgjaqe','ZWU4NGNlYWRmMThmN2VmZTM4NjBiMGZkYjZlMjdkNWE2YTdhZTcxZjp7fQ==','2014-09-29 01:53:20'),('zfxp7tpopzs5p34g3e3qlm0ewhd2rh5n','ZWU4NGNlYWRmMThmN2VmZTM4NjBiMGZkYjZlMjdkNWE2YTdhZTcxZjp7fQ==','2014-09-28 05:09:33'),('zgthwdj8rzhfgywh6m6yllybi20bef93','OWE5NTZhOGVkY2E5ZjNmYmYxZjRjYzU1ZTJmZWRkNmVjZTkxZmM3ZDp7InVzZXJuYW1lIjoidXNlcjMifQ==','2014-10-01 01:04:47'),('zhepyzxh1dk5t7mgghsx93qdj09la5fe','OWE5NTZhOGVkY2E5ZjNmYmYxZjRjYzU1ZTJmZWRkNmVjZTkxZmM3ZDp7InVzZXJuYW1lIjoidXNlcjMifQ==','2014-09-29 17:12:53'),('zitplnj0zwysybwygll5zk8tu5iu923t','ZWU4NGNlYWRmMThmN2VmZTM4NjBiMGZkYjZlMjdkNWE2YTdhZTcxZjp7fQ==','2014-09-29 03:20:42'),('zjl5v702chpn5ominqsqze1pmdfq3jhs','ZWU4NGNlYWRmMThmN2VmZTM4NjBiMGZkYjZlMjdkNWE2YTdhZTcxZjp7fQ==','2014-09-29 02:17:52'),('zl3wmwro165ukqteq979sg5g12aa73a3','OWE5NTZhOGVkY2E5ZjNmYmYxZjRjYzU1ZTJmZWRkNmVjZTkxZmM3ZDp7InVzZXJuYW1lIjoidXNlcjMifQ==','2014-09-30 03:18:40'),('zm4h60391d0b3xscrl6rnsvyjg5hyk8t','ZWU4NGNlYWRmMThmN2VmZTM4NjBiMGZkYjZlMjdkNWE2YTdhZTcxZjp7fQ==','2014-09-29 01:02:52'),('zogzp92piqno9lj5a2nujw2numtu1uew','ZWU4NGNlYWRmMThmN2VmZTM4NjBiMGZkYjZlMjdkNWE2YTdhZTcxZjp7fQ==','2014-09-29 01:55:15'),('zoo8m9lw09yz6j36xzv4w9nukq0w0uux','ZWU4NGNlYWRmMThmN2VmZTM4NjBiMGZkYjZlMjdkNWE2YTdhZTcxZjp7fQ==','2014-09-29 03:19:17'),('zpos3a46ygbl03t2mmg6mbzp7izqr898','ZWU4NGNlYWRmMThmN2VmZTM4NjBiMGZkYjZlMjdkNWE2YTdhZTcxZjp7fQ==','2014-09-29 02:44:11'),('zrb9qgla5nufddpqper0g1d9w1jw6f8n','ZWU4NGNlYWRmMThmN2VmZTM4NjBiMGZkYjZlMjdkNWE2YTdhZTcxZjp7fQ==','2014-09-29 17:33:29'),('zrfixu3fw9p3zub0w3z6m8h9rt4qr054','ZWU4NGNlYWRmMThmN2VmZTM4NjBiMGZkYjZlMjdkNWE2YTdhZTcxZjp7fQ==','2014-09-30 01:20:58'),('zry9swlilyj7c2otxxtgwp28k9p1d237','OWE5NTZhOGVkY2E5ZjNmYmYxZjRjYzU1ZTJmZWRkNmVjZTkxZmM3ZDp7InVzZXJuYW1lIjoidXNlcjMifQ==','2014-09-30 03:17:45'),('zsgmv6ws5jp24kxzltx7uxosl7qoehe8','ZWU4NGNlYWRmMThmN2VmZTM4NjBiMGZkYjZlMjdkNWE2YTdhZTcxZjp7fQ==','2014-09-29 01:20:02'),('zsq1u52ib4a8yq1f5qkovm4b8xo07xyg','ZWU4NGNlYWRmMThmN2VmZTM4NjBiMGZkYjZlMjdkNWE2YTdhZTcxZjp7fQ==','2014-09-29 18:55:43'),('zssu3kypw7ddqzjupcgu15byccbv75xe','ZWU4NGNlYWRmMThmN2VmZTM4NjBiMGZkYjZlMjdkNWE2YTdhZTcxZjp7fQ==','2014-09-30 01:14:53'),('ztlj9myn06jowk39ckcw7g910vokm3lj','ZjFjZDc1OGI5NTZkMzRmNjY4NTY4ODBkN2E0MGJjYzVjOGZhNDZlMTp7InVzZXJuYW1lIjoidXNlcjEifQ==','2014-10-01 01:05:43'),('zumkh3j3ig30ovopws9lsksjal5i9t23','ZWU4NGNlYWRmMThmN2VmZTM4NjBiMGZkYjZlMjdkNWE2YTdhZTcxZjp7fQ==','2014-09-29 01:52:36'),('zw3k69ub2aya8mkzrvu9h0ycw791jkfm','ZWU4NGNlYWRmMThmN2VmZTM4NjBiMGZkYjZlMjdkNWE2YTdhZTcxZjp7fQ==','2014-09-30 01:59:37'),('zwuftcrnvmo81becgr41yokhk499hmof','ZWU4NGNlYWRmMThmN2VmZTM4NjBiMGZkYjZlMjdkNWE2YTdhZTcxZjp7fQ==','2014-09-29 02:17:52'),('zxr1gea23auq6hgp8rgu8yv4fb4adzwp','OWE5NTZhOGVkY2E5ZjNmYmYxZjRjYzU1ZTJmZWRkNmVjZTkxZmM3ZDp7InVzZXJuYW1lIjoidXNlcjMifQ==','2014-09-28 04:18:57'),('zz0t8zpi7qyaleux97tk2c13mlpgb166','ZWU4NGNlYWRmMThmN2VmZTM4NjBiMGZkYjZlMjdkNWE2YTdhZTcxZjp7fQ==','2014-10-01 01:16:16'),('zzu3vv6iuojtaciwfa912zmrotu4lnik','OWE5NTZhOGVkY2E5ZjNmYmYxZjRjYzU1ZTJmZWRkNmVjZTkxZmM3ZDp7InVzZXJuYW1lIjoidXNlcjMifQ==','2014-09-29 05:12:07');
/*!40000 ALTER TABLE `django_session` ENABLE KEYS */;
UNLOCK TABLES;
/*!40103 SET TIME_ZONE=@OLD_TIME_ZONE */;

/*!40101 SET SQL_MODE=@OLD_SQL_MODE */;
/*!40014 SET FOREIGN_KEY_CHECKS=@OLD_FOREIGN_KEY_CHECKS */;
/*!40014 SET UNIQUE_CHECKS=@OLD_UNIQUE_CHECKS */;
/*!40101 SET CHARACTER_SET_CLIENT=@OLD_CHARACTER_SET_CLIENT */;
/*!40101 SET CHARACTER_SET_RESULTS=@OLD_CHARACTER_SET_RESULTS */;
/*!40101 SET COLLATION_CONNECTION=@OLD_COLLATION_CONNECTION */;
/*!40111 SET SQL_NOTES=@OLD_SQL_NOTES */;

-- Dump completed on 2017-05-12 13:42:19
